tss_calendars_d.bl_last_updated_by	i2r_8661	xxctsblrptg_o	xxctsblrptg_u
tss_service_levels_d_v.service_group_code	rtf	not available	standard	premium	mfg	error	not applicable
tss_service_levels_d_v.service_group_meaning	rtf	mfg new	premium	not available	standard	error	not applicable
tss_service_levels_d_v.service_level_code	prempl	rtf	ar	demo	not available	premp	mfg	sos	edu	error	not applicable	spur
tss_service_levels_d_v.service_level_group_desc	spur program - ship only next business day	scheduled	return & replace warranty return and next day ship	spares on site 4 hour	advance replacement warranty 10th business day	return & replace 10th business day	premium parts only 4 hour	advance replacement next calendar day	premium parts & labor next business day	not applicable	edu program - ship only next business day	advance replacement same day ship regional	premium parts only 2 hour	advance replacement warranty same day ship	spares on site next business day	advance replacement 10th business day	advance replacement same day ship	advance replacement 8th business day	mfg new 3rd business day	premium parts & labor 2 hour	premium parts & labor 4 hour	not available	advance replacement next business day	demo depot - advance replacement next business day	error
tss_service_levels_d_v.service_level_desc	not applicable	premium parts & labor	premium parts only	mfg new	demo depot - advance replacement	return & replace	spur program - ship only	not available	error	spares on site	edu program - ship only	advance replacement
tss_service_levels_d_v.business_process_name	rapid parts replacement	return to factory	onsite spares	hw parts same day ship	not available	internal mfg new replacement	internal recycle parts	onsite labor and replace parts	internal demo	error	not applicable	hardware parts replacement	internal education
tss_service_levels_d_v.business_process_desc	rapid parts replacement	return to factory	onsite spares	hw parts same day ship	not available	internal mfg new replacement	internal recycle parts	onsite labor and replace parts	internal demo	error	not applicable	hardware parts replacement	internal education
tss_service_levels_d_v.sdp_service_level	next calendar day	8th business day	scheduled	demo	return to factory (rtf)	10th business day	warranty same day ship	4 hour	sos	same day ship (sds)	mfg	edu	next business day (nbd)	not applicable	2 hour	spur	warranty return and next day ship	warranty 10th business day
tss_workgroups_d.workgroup_name	rtp-oss-sdo1	acs	us-tp-tech-mex1	atg-pg	sj-ss-sec	ks-sbsc	us-tp-tech-rtp3	sj-ms	slcty-ipcc	tam-vpn-solutions	licensing-slc	cstg-apjc-support	eme-gce-cats	glo-ent-sched	apt-bel-wan	us-uc-ms-spec-bxb	houstm-cats	ucbu-captaris	apt-ibu	spsg-rtp	as-emea-sp-italy	us-carrier-escalation	apt-dl-tech	apt-esc	esc-us-15	sj-avvid	as-us-htts-ks	omc-lscesc-japan	latam-argentina	hou-ios-hw	eu-smart- collector	us-uca-ipcc-sj	latam-crm	ba-stac	ww-spvtg-icfet	eu-spvideo-ipstb-kor	htts-india-att-cell	sjc-spm-wanorch	japan-htts-core	amm-vpn	apt-syd-tra	euro-campus-escalation	ds-tclware	japan-cats-os	japan-san	jax-routing	rtp-voice-leads	jpn-rma-om-gtn	us-quantum-backbone	bud-security	apt-syd-esc	euro-man-lan	eme-gce-optical	gcc-euro-config	apt-hcs	esc-us-05	us-uc-ipccexp-tech-bxb	rcdn-optical	us-uc-ipccent-tech-bxb	phx-esa	apj-syd-gcc	as-emea-uki	euro-bel-atg	eme-gce-sp	eng-physec	sj-isp	rtp-oss-ce	bud-nms	amm-security/vpn	sj-rtp-vpn	na-toa	as-india-htts-sec	rtp-isp	slc-security	japan-rma-om-csk	htts-emea-core	dhl-logistics	business-admin	gce-ipcc	sj-security-sv	htts-india-cloud-cell	mex-architecture	as-india-htts-wireless	gce-lan-sw4	ses-us-san	ncr-tp-eu	vsbu-testthree	apt-beijing-korean	apt-unity	htts-euem-sec	nsa	rtp-nms	as-us-htts-core	cin-cr	smbsa-apac	krk-nms	us-spvideo-apps-atl	sj-perfigo	sj-sptac-rm	apt-cloudws	spsg-sj	esc-us-04	as-tidal-ps	gce-physec	mex-rp-west	us-spvideo-femto-ops	amer-iot-west	esc-us-20	spts-emea-ptt1-uk	hou-security	us-uci-uscis2-rch	cstg-business-ops	esc-la-02	colwest-sf	jax-security	hou-admin	nam_rma_om_prem	japan-comsysvsec-os	rtp-orm	sj-entsw1	us-uc-ms-tech-bxb	apt-security-content	gce-lanwan	sj-seattle-uvt	apj-korea-gcc	tam-ms	sj-ms-sw	euro-man-ios	esc-la-04	euro-ent-services-escalation	euro-collaboration	gce-radv-eu	apt-bej-nalatg	jpn-rma-om-all	slcty-sign	japan-security-dl	hrt-rch-evt	rtp-entitlement	mex-avvid	sme-core	euro-ent-voice	mex-lansw	apt-oss-rmt	amm-ironport	apt-cucm	us-uci-escalation	tko-stac	sj-cable	apt-cable	japan-mobile	ros-basic-support	japan-lan	spsg-sj-att	japan-core-ent	apt-bel-security	rcdn - optical	apt-ent-admin	apt-slvp	us-uc-ipccent-esc	slcty-vpn-sol3	japan-evt	hrt-bxb-ms	htts-us-optical	as-apt-fujitsu-avm	slc-jax-ios-hw-acces	glo-intel-auto	spts-emea-nsp2-swede	eu-spvideo-eutac-kor	cens-emea	slcty-aaa	htts-emea-escalation	japan-jtpcatslt-os	sj-oss-mgrs	japan-wansw	slc-mgrs-trainers	sj-entitlement	japan-wan	cr-start	us-uci-cucm-tech-rch	ies-emea-dubai	esc-la-01	apt-bgl-cats	us-uci-ms-spec-bxb	japan-wansw-os	us-dc-sv-apps	us-uc-applications-esc	apt-nms	us-uci-ms2-rch	gce-us-fw	ap-spvideo-aptac-anz	cstg-sj-support	euro-vpn	ind-trng-fw	spsg-us-wcom	can-spvideo-dmn-ww	procter&gamble	licensing-smart-us	htts-india-nms	esc-jp-01	esc-eu-04	rcdn-atm	as-iberia-telefonica	htts-india-outtasker	ds-quadrophenia	cacc-ds	ww-ucc-solution	nmtg-sheer	apj-crc	lon-cloudws	eu-uc-bgl	sj-ct	htts-euem-core	eme-gce-content	spsg-sj-wansw	entitlement-cai	co-security	eng-nmtg-partner	eu-spvideo-attg-kor	rtp-oss-hst	tam-security	asj-uc-custom-apps	isp-et	ies-emea-germany	apt-tss	htts-us-wansw	houstm-nms	eeme-core-gce-tech	emea-pq	euro-man-nms	ddts_support	apt-radv-tech-bgl	as-us-htts-pre	sj-network-services	us-spvideo-surf-video	smbsa-korean	eu-switching-bgl-ww	as-tkl	entitlement-slc	apt-htts	mex-anc	euro-dcn-fe	htts-vzw-mobility	eu-spvideo-fieldops-kor	euro-config-lan-wan	sj-ms-solutions	latam-spvideo	ind-vpn-sol2	us-uc-ipccent-tech-rtp	as-emea-sa	cin-eeme-pol	gce-core2-trng	apt-bel-voice	jpn-rma-om-dhl	hclv-nms	us-uca-ipccent-rch	hou-evt	sj-access-sv	apt-wan/wansw	hou-vpn-solutions	euro-man-wan	vsbu-testme	apt-cats	licensing-tandberg-eeme	cr-switching	gce-unity	us-spvideo-atst-atl	gce-webex-bgl	bud-wan	amer-nms	euro-bel-wan	man-nms	us-uca-ipccent-esc	as-us-htts-att	apt-ent-training	euro-access-escalation	ind-vpn	krk-ipcc	euro-san-escalation	us-dc-sv-sj	rtp-ibm	htts-apt-video	mex-hardware	slc-switching	euro-mobility	euro-sns-escalation	euro-partner	as-us-htts-ns	lightstream	rtp-sptac-rm	eeme-ggn-hardware	apac-smart- collector	gce-apac-ids	apt-aci-solutions	entitlement-us	hc_bocc	htts-euem-sa	ses-emea-security	texas instruments	apj-kl-gcc	rtp-itech	hou-access	hrt-rch-pg	esc-us-01	sj-lmo-oss	euro-oss-cvg	euro-orm	us-snm-ee-cics	htts-india-ucc	sj-webex	eu-wireless-bgl	nmtg-corvil	cr-cucm	ind-wireless	as-emea-uk-sp2	esc-us-27	us-dc-sv-ucsdoa	gcc-jax	esc-us-25	apt-jp-ms	euro-nms-escalation	ong-fe	gce-apt-voice	ind-leads	ds-elob	cr-start-wireless	us-webex-rzc1	euro-gcc	euro-ies-ent-uk	ies-emea-nordic	us-carrier-optical-esc	gce-uc-trng	hrt-escalation	licensing-blr-apac	sj-ses-us-sppt-west	netsys	cr-stac	htts-india-wireless	as-us-lansw	htts-us-dcsw	as-us-matrix	cr-ucis	apj-syd-sr	amm-contentsecurity	pdi-helpdesk-hcs	us-uc-unity-spec-rtp	sj-ipcc	euro-gp	ds-vms	sj-customer-service	esc-jp-03	cand-dev	apt-isp	us-snm-escalation	slc-evt	gce-voice	rtp-campus-sw	as-emerging-rcis	japan-neusoftcatslt-os	latam-colombia	euro-config-admin	cr-man-nms	japan-ecase	slcty-vpn-soltns	ds-splob	htts-ww-video	japan-cskl1-os	esc-us-29	eu-radv-tech-bgl	apt-seoul-admin	apt-syd-sra	ind-switching	esc-ap-04	ww-q	licensing-blr-us	euro-oss-mgrs	gce-tp	atg-cnslt1	nccm-support-cstg	tk-sj-supportmodel	rtp-signaling	apt-oss-hst	japan-swat	euro-sv	eme-gce-cucm	rtp-dcsw	eme-gce-access	htts-india-lansw	eu-quantum-esc-app	euro-bt-voice	atg-third	gce-us-uc-trng	apt-ind-sec	japan-catls-dl	apt-jp-nsat	us-spvideo-dmn	bxb-vco	euro-san	hou-switching	japan-smallcell	szn- stac	japan-ofelt-os	sj-ash	as-cms	euro-tac services	sj-telepresence-cths	sj-access	apt-japan	us-spvideo-rbi	us-spvideo-client-atl	as-us-htts-eso	japan-getrolt-os	eu-switching-bgl	ies-emea-spain	cr-ev	cstg-astt-esc-support	us-uci-ms-solutions-tech-rtp	sj-rp	sj-oss-sdo1	us-uc-ms-solutions-tech-rtp	eeme-dng-spec	us-uc-unity-tech-rch	ind-cats	euro-voice	apt-man-admin	cin-ucs-th-support	sj-devsup program	cap	sjc-wanorch old	hrt-bxb-unity	us-uc-ipccent-tech-rch	houstm-vpn-solutions	us-uci-cucm-spec-rch	apt-jp-admin	euro-ent-tl	japan-htts-ntt_east	as-us-hte	ies-emea-uk-ptt1	apt-eft	canada-pixstream	apt-sp-ans	us-uci-ms-tech-rtp	apt-ind-lanwan	slcty-security	ses-us-ipt	sp-emeatac-bt	co-vpn	us-snm-webcat-sj	atg-cc	krk-trng	sj-vnt	htts-india-content	sj-oss-irv	krk-sf	ks-security	apt-physec-collab	ds-ces	eeme-vng-spec	sj-esc	ap-spvideo-aptac-sea	euro-oss-cse	hrt-bxb-cucm	gce-apt-security-training	esc-us-09	sj-cucm	euro-sp	error	euro-access	apt-core-admin	ind-trng-cats	us-uc-applications-tech-rtp	as-india-htts-lan	rtp-rp	man-ios	sr-euro-config	us-uc-cucm-spec-rtp	as-latam-hte	as-emea-nordic	apt-bel-lan	as-tidal	rtp-san	apt-syd-sp	as-voice-uki	gce-vpn	slcty-ms-solutions	us-uca-ipccexp-rch	apt-seoul	rtp-evt1	spsg-us-sprint	ind-iot	spsg-sj-rm	as-support-sp	atg-rch-cc	us-uc-ipccexp-tech-rtp	as-india-htts-nms	us-uci-cucm2-spec-rch	licensing-blr	us-uc-ipccexp-spec-bxb	emea-kn-transport	htts-us-video	na-mcs	sj-atm	us-core-switching-bgl	spsg-us-isp	atg-emea	june-14-test-wg-2	amm-psts	cr-start-switching	us-ems-femto-atl	japan-htts-westflets	sj-spvoice	euro-oss-hst	emear-iot	esp-rtp	japan-neusoftuc-os	ncr-conf-us	apt-solutions	apac-licensing	get-hsbc	sj-pq	hrt-rch-linksys1	cr-wsa	omc-asst-rc-rv	apt-bej-vip	as-htts-us-isponsite	apac-spvideo-prechasm	wnbu-cognio	euro-man-cdn	tk-rtp-lan-sw	eeme-dng-exp	hrt-rch-cc	ind-temp	apt-jp-sptac	us-uc-ipccent-spec-rch	us-uc-ms-spec-rtp	apt-wsa-syd	esc-eu-03	us-uc-ipccexp-esc	us-uc-unity-tech-rtp	sj-core-tech	japan-ucs-dl	us-security-vpn	cr-ms	sj-qwest dsl lab	gce-apt-core-training	rtp-ms	htts-us-isp-onsite	esc-eu-06	rtp-cucm	rtp-ent-leads	gce-lan-sw2	as-us-htts-ipwan	rtp-iox	apt-orm	smbsa-china	rtp-architecture	euro-ms-sw	service ops	us-uci-ucis-bxb	apt-man-lanwan	apt-jp-oss	slcty-ms	as-emea-defense	rtp-dsl	atg-second	euro-evt	hou-cats	eng-gsu-nta	slcty-architecture	rtp-fw	apt-jp-doa	bxb-spm-wanorch	eme-gce-ent-services	eu-tss	eme-gce-vpn	spts-emea-ptt1-spain	emea-asset-recovery	us-uc-bgl	us-prime	cr-vpn-soltns	sj-wea	apt-jp-wansw	ind-esa	as-us-voice services	us-dc-escalation	apt-pq	hrt-bxb-cc	htts-us-att-cell	eme-gce-ms	sj-oss-rmt	as-sports-ent	esc-ap-03	eme-gce-voice-conf	ind-content	us-uc-ms-tech-rtp	japan-ironport	cr-access	sbsc-presales2	sjc-wanorch	gce-mp	license-swift-asa	mex-ms	ind-ucis	rtp-security-network	euro-wan	sj-ibm-network	entitlement-blr	sj-lab	euro-config-nms	euro-campus	as-htts-hsbc	ies-emea-benelux	ind-ncr-vpn	strm-us-field ops	rtp-ipcc	us-uc-cucm-esc	ses-emea-wiremob	cstg-astt-support	atg-webline	krk-uc	us-uca-ipccexp-esc	euro-logistics	amm-ev	htts-india-amazon-cell	htts-latam-core	apt-bgl-security	rtp-sp-voice	esc-eu-01	to be changed	bud-cats	mcmsjp	sj-vet	apt-bel-admin	gce-us-cucm	ses-emea-ipt	htts-us-amazon-cell	atg-de-pse	us-spvideo-cablemodems	apt-fts	htts-us-escalation	corporatel_ssc	vsbu-engineering	sj-rtp-cable	mex-switching	sj-mp	bud-hardware	as-cloud-onboarding	euro-core-voice	glob-solutions-video	as-med	as-us-wansw	cstg-cmcs-support	japan-pasonasmb-os	as-india-htts-cdn	sj-lt-sv	esc-us-02	entitlement-india	as-us-htts-seg1	gce-apt-voice_unity	euro-sns	sj-evt3	apt-syd-spsol	latam-tac-spmobility	apt-sp-rm	rtp-ibm network	as-india-htts-mobility	apt-jp-borg	sj-rtp-security	sj-aons	euro-voice-conf	ind-rp	spsg-sj-nms	sj-it	krk-security	esc-jp-04	japan-lsc	japan-pasonasv-os	apt-security/vpn	atg-upgrd	spsg-us-wansw	esc-us-03	glo-dv	sj-wan	us-tp-tech-rtp2	us-uc-ms-esc	slcty-tw	us-uc-ipccexp-spec-rch	cstg-emear-support	atg-trng-geotl	euro-config-security	cr-avvid	sj-exciteathome	apt-ms-sw	mex-aaa	htts-india-voice	us-core-cats-bgl	gce-us-sec-trng	euro-wireless-escalation	atg-bxb-ipccx	gcc-slc	japan-ies-ent	apt-sp-onsite	ind-avvid	mex-nms	us-uc-ms-spec-rch	rtp-wireless	as-us-rnt	co-wireless	sj-ibm-host	htts-belgium-core	htts-irl-amazon-cell	amm-sra	japan-optic	us-dc-sv-rtp	euro-oss-ce	apt-bej-nalrp	japan-evt-os	euro-ibm	gce-ios	us-spm-qps	us-spmobile-cloud	apt-beijing-atg	us-uca-ipccent-bxb	amer-iot-east	eu-spvideo-fieldopsuk-kor	captaris	sj-oss-hst	eme-gce-voice	licensing-blr-eeme	as-hsbc-ncm	us-spvideo-cable	smbsa-japan	htts-australia	spsg-us-qwest	rtp-evt	euro-oss-th	apt-jp-ltd	as-us-att-frame	gce-us-rp	ong-richardson	as-us-nightshift	eu-spvideo-powervu-kor	esc-us-10	ind-sign	co-sf	us-webex-rtp	euro-wsa	gce-rp	japan-nexus	mex-rp	mex-cats	as-india-htts-uc	us-uci-ms-esc	japan-pasonacats-os	htts-india-cell	us-uc-ipccexp-tech-rch	amm-apac-sv	us-uc-ms-solutions-spec-rtp	eu-quantum-esc-radio	apt-syd-dc	us-tp-mex	rtp-oss-sdo2	apt-oss-ce	hou-wan	esp-emea	us-webex-rzc	ses-us-cn	eeme-security-gce-tech	cosentry-sv	fts-us-htts-india-outtasker	us-uc-applications-spec-rtp	apt-man-cdn	us-uc-ms-tech-rch	eng-ptc-mt	us-cts	japan-jtpvsec-os	japan-sp	apt-bej-hardware-eng	japan-ngn-west	us-uci-cucm2-tech-rch	us-smart-services	slcty-tl	rtp-rtp-coop	rtp-gcc	sj-oss-sdo2	us-bns-spm-bxb	ies-emea-france	sj-san	please specify	ind-vpn-sol3	amer-cdn	eu-wsa-muc	us-uci-ms-spec-rtp	ies-emea-uk-mobcab	as-us-htts-sv	jax-leads	vsbu-test	nam_rma_om_nbd	rtp-wea	japan-core-sp	tam-switching	glo-cdp	licensing-apac-collaboration	us-spvideo-cfet-atl	latam-tac-acquisition	apt-epic	japan-ngn-core	us-uci-cucm-esc	mex-gl	us-uca-escalation	us-dc-sv-rch	spsg-us-core	apt-network-services	us-snm-aaa-rch	euro-sp-escalation	us-ucc-hte	eeme-ggn-apac	cr-ipcc	as-us-htts-ipcbb	spsg-denver-rm	licensing-tandberg-apac	japan-getrovsec-os	apt-atg	rtp-lan-sw1	japan-wanbb	sj-dcsw	sj-broadband	rtp-access	apt-shn-ms	amer-security-vpn	gce-apac-sv	latam-tac-core	japan-nsatcats-os	us-core-wireless2-rch	apt-bel-atg	ind-wsa	sj-ids	us-stadiumvision	ind-ncr-wan	sb-cloudws	apt-security	amer-cats	esc-eu-05	latam-htts-hw	krk-core	us-uca-ipccexp-bxb	hrt-rch-cucm	sj-uvt	sj-ibm	wty-switching	latam-tac-brazil	latam-tac-sec-voice	mex-access	us-core-wireless-bgl	as-ucc-ces	eeme-vng-exp	spsg-us-sbc/verizon	esc-jp-02	gce-rp-esc	japan-pfucats-os	slc-jax-ios-rp-wan	mex-lansw-west	apt-ssc-om	gce-lan-esc	japan-nms-os	us-inlet	hrt-rch-ms	euro-avvid-ipt	cosentry-mcs	apt-bej-solutions	rtp-evt2	us-uca-unity-esc	htts-india-advanced	sj-orm	sp-emeatac-rm	eme-rz-gce-tech	us-uca-physec-sj	ind-wan	sj-invicta	phx-csr	ind-hcl-hdw	strm-us-product supt	apj-japan-doa	houstm-security	as-india-htts-sv	us-nms	euro-cfs-dispute	euro-config-core	htts-us-vzw-mobility-cell	ind-network-services	co-hardware	atg-cnslt3	us-spvideo-videoscape-atl	ca-manager	us-uca-ipccexp-sj	eeme-ang-spec	cs-doa	htts-us-wireless	spsg-us-verizon is	euro-bel-lan	atg-cnslt2	rtp-gp	cstg-us-enterprise	us-snm-esa-rtp	us-sp-infra-tl	cis	richardson-ms	ind-security	hrt-bxb-aons	as-us-htts-mobility	apt-bgl-wireless	hrt-usa-fe	slc-jax-evt	esc-us-17	strm-uk-product supt	amm-voice	us-snm-cog-cics	ww-crs/iosxr	cr-network-services	apt-gso	euro-incountry	sj-unity	japan-eftsupport	slc-vpn-soltns	as-apt-fts	sj-rtp-access	sj-vpn	apt-core-edge	apj-japan-gcc	smart-collector-global	ww-lc-cte	gv-stac3	sj-architecture	cand-saplat	sj-us	slc-htts	bud-russian	bo-hardware	sj-telepresence	euro-dsl-mpls-soltns	ind-aaa	sj-lt2	us-uc-applications-tech-rch	us-snm-wsa-sj	cr-aaa	htts-us-lansw	eeme-ang-exp	us-uca-ipccent-rtp	htts-euem-lan	us-spmobility-femto	rtp-vpn	spsg-rtp-wansw	as-physec	us-spmobility-diglife	unassigned	rtp-host	ap-spvideo-aptac-china	eng-pndig-bac-ettx	japan-pfult-os	licensing-man-emee	eme-gce-fw	unknown	cstg-us-service-provider	bud-ms	euro-ent-services	rtp-vco	atg-apt	htts-krakow-core	apt-cts	ong-milan	ong-dallas	sj-sandiego-iport	apt-lsc	sj-nms	apt-chd-tech	us-uci-ms-tech-rch	sj-lan-sw	us-uca-unity-sj	apt-core	euro-man-lanwan	atg-nam-cicm	sj-signaling	hou-ast	japan-spvoice	rtp-ses	sj-oss-ce	ind-asvt	gce-cucm	jax-mgrs-trainers	mex-security	cacoll-dev	entitlement-emea	as-emea-nrn	eng-insmbu-isc	atg-euro-tac	us-uci-ms-spec-rch	rtp-hcs	slcty-avvid	esc-us-11	in-spvideo-prechasm	rtp-sj-rp	em-istanbul	us-uca-conf-bxb	as-collaboration-ces	us-secintel	che-stac	ses-us-bb	csbu-esc	japan-fa	us-uc-applications-spec-rch	amer-nso	licensing-eeme-collaboration	rtp-latam-pss	euro-nms	aut-servicegrid	apt-bej-tech	latam-mexico	ap-spvideo-aptac-korea	esc-us-22	euro-security	emea-content	cr-rp	apt-iox	rtp-sas	spts-emea-ptt1-franc	as-diglife-ops	euro-esc	atg-rch-webline	sj-lan-sw1	gce-eu-uc-trng	us-webex-rzc2	eng-cbsbu-direct	licensing-cr-apac	rtp-ids	apt_awa_vise	us-uca-conf-esc	franklin-security	eu-spvideo-fieldopsfr-kor	us-uci-ms2-tech-rch	japan-neusofthwsmb-os	us-spvideo-platform-atl	it	cstg-escalation-team	us-uc-ipccexp-spec-rtp	htts-ww-amazon	eu-spvideo-modem-kor	ks-switching	euro-mw	as-canada	as-pulse	japan-gcc (hw/doa)	cin-eeme-tur	esc-us-19	japan-tss	cstg-admin	emear-orch-aci	apt-avvid	japan-vpn	eng-ptc-vs	sj-airespace	htts-india-cable-cell	ps-cemf/sdk	apt-esa-syd	cstg-get	rtp-aaa	esc-us-28	japan-flets-lsc	eu-tp-tech-osl	rtp-cats	japan-getrowan-os	euro-rp	irv-stac	gce-apac-aaa	smb-us	gv-stac5	gce-us-core-trng	us-uc-ipccent-spec-bxb	slc-acs-ld	amm-security	cand-access	us-uc-cucm-tech-rch	ind-hcl-aon	gce-lan-sw1	ind-sv	extend-mce	us-uca-ipccent-sj	us-uca-physec-bxb	houstm-switching	co-architecture	eeme-vng-tech	rtp-sp-leads	japan-mitg	sj-vmon	japan-foundation	eeme-ang-tech	eu-quantum-ops	hou-rp	japan-wireless	bu-snm-securent-acq	apt-bel-ms	amm-dng	eng-insmbu-bac-gui	eme-gce-tp	gv-stac	sj-edge-us-leads	eu-smallcell-escalation	esc-us-30	us-uci-cucm-tech-bxb	rtp-vnt	cns-hte-germany	slc-ast	htts-india-mobility	htts-us-att	us-cdn	sj-evt1	apt-awa-vise	us-tss	sj-cats	apac-smallcell	bud-avvid	sj-storage	ncr-tp-ap	co-admin	us-conf-sj	license-ctg-uc-migration	slcty-rp	mex-sec-west	apt-man-nms	japan-wireless-os	htts-us-hsbc-cell	japan-gcc	us-tp-rtp2	us-spvideo-chnbu-atl	gce-wireless	gv-stac2	bwi-hte-germany	sj-cigesm	htts-euem-rp	co-esa	mex-wireless-west	us-core-switching-bgl-ww	htts-us-cable-cell	sj-service ops	htts-us-rp	tam-admin	us-spvideo-isdp-ncc	as-cansac	euro-strm	japan-ofecats-os	gcc-india	japan-htts-ent	cr-security	latam-chile	ong-wavelengthrouter	not applicable	apt-aons	sj-cloudws	apt-man-security	cse-3gwan-latam	htts-us-mobility	us-primehome	slc-logistics	us-webex-bang	atg-first	slcty-asvt	rtp-invicta	ong-escalation	smbsa-americas	japan-mpls	us-smartbondingb2b-sjc	mex-voice-west	apt-foundation	cstg-npa-l4	us-uc-ipccent-spec-rtp	rtp-oss-mgrs	cr-unity	apt-china-entitlement	atg-cnslt5	ses-emea-cont-st	emea-rma-om-cvg	latam-tac-dc	latam-brazil	apac-spmobile-cloud	japan-cin-1	esc-us-26	cacoll-sa	cr-nms	richardson-evt	man-lanwan	htts-us-voice	apac-nso	slc-cd/iptv	eu-esa-muc	mex-wan	esc-us-14	atg-rch-ipccx	ciac-asj-support	japan-manufacturing	apt-jp-wanrp	slcty-mgrs-trainers	us-uca-ipcc-rtp	mex-architecture-west	sj-voice-leads	as-india-htts-att	apt-oss-mgrs	us-snm-ae-stbu	ind-ncr-rp	bxb-wanorch	gce-us-vpn	japan-liaison	ros-routing	tam-access	spsg-sj-wansw-nms	us-uca-unity-rch	cse-aic	not available	htts-us-arch	gce-core1-trng	japan-gcc-escalation	slc-tfl	euro-wanorch	rtp-wan-sw	as-iberia-specso	euro-spnms	ind-tw	houstm-avvid	japan-cdn	us-snm-ids-rch	us-uci-cucm-tech-rtp	sj-wireless	as-emea-bt21c	tam-wireless	eu-spvideo-servicemgmt-kor	spts-emea-nsp2-uk2	euro-iox	us-conf-bxb	ww-quantum-esc-apps	slc-leads	apt-ong	apt-syd-csol	gv-stac4	htts-ww-twc-cell	spsg-sj-ops	ww-quantum-esc-radio	apac-mw	japan-ms	us-uca-conf-sj	us-uc-cucm-tech-bxb	euro-config	euro-atm-optical	phx-email	us-can-xr	rtp-security	htts-euem-voice	gce-sec-esc	apt-bel-oss	us-tp-tech-rtp1	apt-sv	euro-wireless	ses-emea-broadband	atg-trng-webline	apt-bgl-lan	ind-spm-qps	ong-customer-service	so-stac	sales	apt-ent-ans	us-uci-cucm-spec-bxb	apt-sp	sj-evt2	smb-leads	ap-spvideo-aptac-hk	rtp-cns	japan-lt	us-carrier-wimax-rch	sj-arroyo	us-uci-cucm2-rch	cr-hardware	apt-wireless	licensing-tandberg-us	apt-voice-solutions	euro-man-net-svcs	ind-trng-wireless	apt-ms-mssw-cable	us-esa-rtp	esc-us-12	japan-getrocats-os	em-moscow	sme-apps	nmtg-micromuse	cr-start-access	apt-bej-hardware	euro-networkscaling	esc-eu-02	hrt-rch-optical	us-spvideo-surf-atl	rtp-lan-sw2	htts-india-hw	euro-spm-qps	us-uci-ucis-rch	us-smart-collector	japan-vsec	sustaining-dev-eng	japan-dcn-hw	us-uc-cucm-tech-rtp	cr-wea	cr-start-security	emea-rma-om-plan	spts-emea-spsg-backb	japan-pasonawansw-os	ies-emea-rm	sj-wansw	akron-wireless	other(application)	us-tp-rch	htts-us-hw	gce-wan	ap-spvideo-aptac-india	us-uc-cucm-spec-bxb	apt-shn-avvid	us-isbu-box	euro-optical	sj-ps-cemf/sdk	esc-us-08	ind-cucm	euro-nsa	sj-lt1	as-iberia-sp south	eme-gce-physec	us-smartservices-iamscir-ind	esc-us-18	ind-architecture	apt-syd-collab	us-sp%	nmtg-opnet	testclose	us-core-cats-bgl-ww	administration	apt-pss	japan-ies-sp	spsg-us-sbc/deploy	cr-dcsw	htts-us-securtiy	ind-ncr-tss	apt-wsa	as-india-htts-rp	japan-dcn	htts-us-iox	us-snm-vpn-rch	esc-us-16	gce-apac-fw	other(non-ca)	apt-ind-iosrpwir	htts-india-sv	sj-ext	apt-man-start	smoke-test_1w	esc-ap-02	licensing-man-us	sj-aaa	tsa-us-optical	eme-gce-sns	gce-lan-sw3	esc-stac	rtp-lmo-oss	rtp-ote	as-avm	licensing-cr-us	as-gsp-custom	apt-ent-team-leads	smb-ipvc-radvision	ses-emea-nms-oss	eme-gce-nms	us-aci-sol-east	esc-jp-05	apt-jp-esc	sj-gcc	licensing-man-eeme	latam-hte-optical	esc-us-24	krk-rp	sao-stac	us-spvideo-isdp-atl	smoke-test-1w	eeme-uc-gce-tech	cstg-latam-canada	ww-lc	atg-cnslt4	ind-sf	rtp-ucsbu	spsg-us-nms	cin-eeme	bud-vpn	june-14-test-wg	apt-china-esa	hou-nms	apt-bgl-rp	ind-trng-lan	sj-rtp-dsl	as-emea-north	rtp-lan-sw	atg-esc	euro-avvid-soltns	gce-voice-unity	euro-config-lan	amm-nms	rtp-cable	as-latam-south	htts-india-iox	om-japan	gce-security	as-us-nms/sec/cn	htts-india-rp	rtp-gtap	us-dc-sol-rtp	us-uci-ms-solutions-spec-rtp	japan-wireless-dl	ses-emea-wireless	cin-eeme-uksc	gce-us-ios	japan-cats	co-compatiblelegacy	ong-south-carolina	us-uci-cucm-spec-rtp	ies-emea-uk-nsp2	hrt-rch-unity	gce-nms	na-hardware-mex	as-us-htts-sec	rtp-wan	sj-iox	cin-smart	sj-ct1	apt-bej-ipcc	tgv-engineer	mex-rp1	emea-aons	atl-scicare	eeme-ggn-rp	as-us-htts-cdn	lsc-japan	mex-voice	sj-content	sj-tis	iea-tcs	krk-lan-sw	us-carrier-content-esc	japan-ngn-east	esp-leads	ind-physec	ks-cats	apt-beijing	us-tp-rtp1	global-ciac	as-us-htts-hsbc	brazil-core	cstg-cmcs-support-l4	as-india-htts-iox	krk-firewall	euro-bel-security	eu-spvideo-fieldopsbe-kor	as-htts-us-hw	us-spvideo-isds	slcty-switching	gce-uc-esc	japan-htts-kddi	apt-vpn-sp-nms	euro-bel-avvid	japan-avvid	slcty-leads	atg-icr	htts-mexico-hsbc-cell	us-uca-unity-bxb	htts-us-comcast-cell	us-uci-ucis-rtp	sj-fw	mex-vpn-solutions	atg-rch-pg	apt-campus	sj-security	euro-dcn-nosr	rtp-can-videotron	as-us-htts-wireless	emea-rma-om-esc	hrt-bxb-pg	japan-bb	euro-bel-ios	us-uc-unity-esc	houstm-admin	coleast-sf	apt-lab	euro-oss	eme-gce-campus	amm-lan	euro-atm	apt-triage	emea-backlog	tam-network-services	cstg-emear	apt-esa-china	sj-oss	hou-config	ma-lt	chelmsford-ms	cyberlink-isdn svc	rtp-escalation	development engineer	sj-lt	us-spvideo	japan-ngn-admin	rtp-amteva	slcty-mgrs	latam-sspt-sap-hana	eu-quantum-backbone	ies-emea-nsa	sj-evt-rotation	cr-architecture	htts-us-vzw-cell	as-mexico	slc-as/cs	us-dc-sv-field	atg-maint	apt-sp-admin	healthpresence-bu-ops	sj-oss-other	gce-smart-services	ind-aironet	ind-trng-rp	japan-nsatlt-os	eng-insmbu-wamps	licensing-man-apac	htts-india-hsbc-cell	esp-sj	apt-jp-nsa	euro-lt	euro-ipcc	lsc	eeme-aaa-gce-tech	eeme-ggn-security	us-tp-tech-rtp4	spts-emea-ptt1-swede	glob-esc-tp	ind-unity	tgv-qa engineer	japan-pasonavsec-os	esc-ap-05	latam-core	htts-cr-hw	htts-us-sv	rcdn-ms	euro-config-language	tam-avvid	cacc-dv	japan-optic-os	htts-russia-core	licensing-gsd	as-spvideo-vos	apac-wanorch	euro-content	apj-cantonese-gcc	us-spmobility-sspt-spwifi	ind-access	cstg-rtp-support	us-spvideo-telcoops-atl	jpn-rma-om-esc	ind-ncr-cats	ind-ncr-lan	htts-us-cloud-cell	htts-irl-cloud-cell	euro-lt/atm	euro-voice-escalation	sj-ote	ind-dv	as-us-htts-hte	eme-gce-ucis	mex-sec	tam-atg	htts-us-security	eme-gce-security	gce-cloudws	ind-mgrs-trainers	apac-prechasm	us-uca-ipccexp-rtp	sj-evt	emear-nso	ind-wanorch	japan-pasonaevt-os	apac-ggn-hardware	euro-cats	esc-us-21	us-mp-physec-escalation	ind-ncr-nms	rms-spwifi	gce-sv	ind-webex-bang	hou-avvid	ind-ipcc	tam-architecture	amm-core	latam-tac-aquisition	as-emea-uk-m&c	htts-us-sp-cell	euro-spmobile-cloud	cstg-as-support-partner-rtp	gce-us-lan-sw	cyberwerx	japan-ibm	apt-partner-support	htts-us-ucc	gce-apac-vpn	apt-tp-tech-bgl	atg-pse	apj-china-eng-gcc	hou-unity	ind-ms-solutions	apt-sp-voice-solutions	sbsc-presales	us-sap-trng	apt-dc-solutions	apt-vpn	apj-china-gcc	us-esa-sj	japan-sv	us-uc-cucm-spec-rch	bxb-content	us-wsa-rtp	as-ai-fts	slc-architecture	ies-emea-italy	as-us-htts-cap	ww-topspin	sj-akron-wireless	mex-ios-hw	euro-cemf	apt-dcn	rtp-storage	euro-vnt	apt-bbwan	eeme-ggn-core	euro-esa	gce-us-ms	cr-admin	slc-net-svcs	mex-tp	us-core-escalation	euro-ms	apt-esa	ind-vpn-soltns	slc-routing	sj-sp-ans mssbu	as-us-sprint	euro-tacweb	as-emea-ti	apt-syd-dcsol	htts-india-security	cr-wireless	apt-ans-sea	emea-rma-by-lsc	amer-lan-sw	hrt-bxb-evt	us-uc-unity-spec-rch	gln-global lnoc	us-snm-enc-sj	as-us-htts-comcast	apt-man-ios	as-us-rp-ls arch	latam-ans	houstm-wan	rtp-ses-us-sppt-east	get-logistics	apt-multiservice	tam-nms	latam-tac	latam-spsg	ind-ms	apt-ms	us-uci-ms-tech-bxb	us-quantum-ops	ww-pnoc-l3	gce-radv-ap	us-uca-unity-rtp	apt-uc-leads	rtp-oss-rmt	apt-spm-qps	spsg-us-rm	hou-ms	as-india-htts-ucc	apt-bel-ios	euro-lan-sw	spsg-us-ops	cacc-cs	euro-entitlement	japan-jtphwsmb-os	esc-us-06	cstg-apac	atg ts-unity	us-uc-tp-esc	esc-ap-01	us-spvideo-transport-atl	sj-gp	euro-bel-ms	apt-syd-core	bud-turkish	eme-gce-aaa	houstm-core	as-us-sm-arch	esp-apt	cstg-as-support-partner-sj	japan-nms	japan-rp	pnj-ds	japan-htts	bud-admin	atg-geotel	apt-man-hardware	japan-contentsecurity-dl	euro-config-wan	us-security-bgl	japan-htts-flets	gce-us-aaa	apt-ind-vpn	ncr-tp-us	eeme-ggn-voice	us-ucsb-temp	man-security	bxb-aons	us-uci-ms2-spec-rch	jp-spvideo-aptac-jp	cin-eeme-belfast	as-spwifi-ops	hou-core	krk-aaa	eft-uone	mex-admin	us-carrier-wea-esc	atg-cti	japan-crs-iosxr	euro-fw-ids	htts-india-core	eu-tp-osl	eu-spvideo-localops-esp	eng-rcbu-mngd-svcs	htts-us-cdn	houstm-rp	cr-atg	amm-wireless	cr-sv	cms-bankamerica	apt-beijing-sln	mex-wireless	amm-sv	spsg-dallas-rm	colapt-sf	as-emea-uk-sp1	apt-man-lan	ind-dcsw	esc-la-05	tacweb	japan-lt-hw	eu-security-bgl	us-uca-physec-esc	euro-optical-soltns	hrt-bxb-content	ww-oem	us-spvideo-scicaretools-atl	ind-ncr-security	co-rp	us-snm-esa-sj	eu-spvideo-solution	as-us-htts-ipcc	apt-beijing-bn	apt-access/rp	euro-fte	euro-signaling	ong-petaluma	japan-jtpevt-os	ind-ncr-aon	htts-latam-sec	sj-sp-vpn	eme-russian	cstg_tool_services	apt-bel-avvid	apt-mpls-rp-acc-opt	rtp-cs	apt-wg/dt	gce-ms	euro-ent-tng	smbsa-emea	japan-icsg	htts-us-nms	hou-atg	eeme-dng-tech	ses-emea-core	rtp-ms-sw	slc-jax-ind-vpn-sltn	us-wsa-sj	apt-man-wan	euro-man-security	mex-cucm	as-ai-hte	apj-japan-lsc	gce-us-wireless	esc-la-03	us-tp-rtp3	ind-apac-sv	embu-smarts	apt-beijing-rp	rtp-cloudws	esc-us-07	us-core-rp-bgl	esc-us-13	euro-security-networ	euro-oss-rmt	gcc-syd-us	sj-lan-sw2	apt-config	esc-us-23	eng-car-ice	japan-nsatwan-os	apj-syd-entitle	na-hardware	bud-polish	slcty-aironet	euro-voicesig-soltns	japan-os-nsat	us-spvideo-svision	gce-apac-nms	ds-clob	us-core-wireless-rch	htts-india-video	bud-sra	as-us-rm	co-switching	as-us-htts-nms	mex-core	rtp-vco-field	krk-vpn	eu-spvideo-powerkey-kor	as-us-htts-rnt	ses-emea-spvoice	htts-gcc	us-snm-wsa-rtp	us-spvideo-nds	rtp-unity	euro-config-access	rtp-ms-solutions	gce-sec-trng	cacc-asp	bxb-ms	ww-pnoc	brazil-voice	bud-switching	entitlement-jax	cin-eeme-rus-cis	licensing-us-collaboration	as-india-sdp	jax-switching	sp-acton-cdn	hou-network-services	slc-aironet	houstm-access	ds-japan	htts-latam-voice	sj-solutions
tss_workgroups_d.workgroup_desc	rtp-oss-sdo1	acs	us-tp-tech-mex1	atg-pg	sj-ss-sec	ks-sbsc	us-tp-tech-rtp3	sj-ms	slcty-ipcc	tam-vpn-solutions	licensing-slc	cstg-apjc-support	eme-gce-cats	glo-ent-sched	apt-bel-wan	us-uc-ms-spec-bxb	houstm-cats	ucbu-captaris	apt-ibu	spsg-rtp	as-emea-sp-italy	us-carrier-escalation	apt-dl-tech	apt-esc	esc-us-15	sj-avvid	as-us-htts-ks	omc-lscesc-japan	latam-argentina	hou-ios-hw	eu-smart- collector	us-uca-ipcc-sj	latam-crm	ba-stac	ww-spvtg-icfet	eu-spvideo-ipstb-kor	htts-india-att-cell	sjc-spm-wanorch	japan-htts-core	amm-vpn	apt-syd-tra	euro-campus-escalation	ds-tclware	japan-cats-os	japan-san	jax-routing	rtp-voice-leads	jpn-rma-om-gtn	us-quantum-backbone	bud-security	apt-syd-esc	euro-man-lan	eme-gce-optical	gcc-euro-config	apt-hcs	esc-us-05	us-uc-ipccexp-tech-bxb	rcdn-optical	us-uc-ipccent-tech-bxb	phx-esa	apj-syd-gcc	as-emea-uki	euro-bel-atg	eme-gce-sp	eng-physec	sj-isp	rtp-oss-ce	bud-nms	amm-security/vpn	sj-rtp-vpn	na-toa	as-india-htts-sec	rtp-isp	slc-security	japan-rma-om-csk	htts-emea-core	dhl-logistics	business-admin	gce-ipcc	sj-security-sv	htts-india-cloud-cell	mex-architecture	as-india-htts-wireless	gce-lan-sw4	ses-us-san	ncr-tp-eu	vsbu-testthree	apt-beijing-korean	apt-unity	htts-euem-sec	nsa	rtp-nms	as-us-htts-core	cin-cr	smbsa-apac	krk-nms	us-spvideo-apps-atl	sj-perfigo	sj-sptac-rm	apt-cloudws	spsg-sj	esc-us-04	as-tidal-ps	gce-physec	mex-rp-west	us-spvideo-femto-ops	amer-iot-west	esc-us-20	spts-emea-ptt1-uk	hou-security	us-uci-uscis2-rch	cstg-business-ops	esc-la-02	colwest-sf	jax-security	hou-admin	nam_rma_om_prem	japan-comsysvsec-os	rtp-orm	sj-entsw1	us-uc-ms-tech-bxb	apt-security-content	gce-lanwan	sj-seattle-uvt	apj-korea-gcc	tam-ms	sj-ms-sw	euro-man-ios	esc-la-04	euro-ent-services-escalation	euro-collaboration	gce-radv-eu	apt-bej-nalatg	jpn-rma-om-all	slcty-sign	japan-security-dl	rtp-entitlement	mex-avvid	sme-core	euro-ent-voice	mex-lansw	apt-oss-rmt	amm-ironport	apt-cucm	us-uci-escalation	tko-stac	sj-cable	apt-cable	japan-mobile	ros-basic-support	japan-lan	spsg-sj-att	japan-core-ent	apt-bel-security	rcdn - optical	apt-ent-admin	apt-slvp	us-uc-ipccent-esc	slcty-vpn-sol3	japan-evt	htts-us-optical	as-apt-fujitsu-avm	slc-jax-ios-hw-acces	glo-intel-auto	spts-emea-nsp2-swede	eu-spvideo-eutac-kor	cens-emea	slcty-aaa	htts-emea-escalation	sj-oss-mgrs	japan-wansw	slc-mgrs-trainers	sj-entitlement	japan-wan	cr-start	us-uci-cucm-tech-rch	ies-emea-dubai	esc-la-01	apt-bgl-cats	us-uci-ms-spec-bxb	japan-wansw-os	us-dc-sv-apps	us-uc-applications-esc	apt-nms	us-uci-ms2-rch	gce-us-fw	ap-spvideo-aptac-anz	cstg-sj-support	euro-vpn	ind-trng-fw	spsg-us-wcom	can-spvideo-dmn-ww	procter&gamble	licensing-smart-us	htts-india-nms	esc-jp-01	esc-eu-04	rcdn-atm	as-iberia-telefonica	htts-india-outtasker	ds-quadrophenia	cacc-ds	ww-ucc-solution	nmtg-sheer	apj-crc	lon-cloudws	eu-uc-bgl	sj-ct	htts-euem-core	eme-gce-content	spsg-sj-wansw	entitlement-cai	co-security	eng-nmtg-partner	eu-spvideo-attg-kor	rtp-oss-hst	tam-security	asj-uc-custom-apps	isp-et	ies-emea-germany	apt-tss	htts-us-wansw	houstm-nms	eeme-core-gce-tech	emea-pq	euro-man-nms	ddts_support	apt-radv-tech-bgl	as-us-htts-pre	sj-network-services	us-spvideo-surf-video	smbsa-korean	eu-switching-bgl-ww	as-tkl	entitlement-slc	apt-htts	mex-anc	euro-dcn-fe	htts-vzw-mobility	eu-spvideo-fieldops-kor	euro-config-lan-wan	sj-ms-solutions	latam-spvideo	ind-vpn-sol2	us-uc-ipccent-tech-rtp	as-emea-sa	cin-eeme-pol	gce-core2-trng	apt-bel-voice	jpn-rma-om-dhl	hclv-nms	us-uca-ipccent-rch	hou-evt	sj-access-sv	apt-wan/wansw	hou-vpn-solutions	euro-man-wan	vsbu-testme	apt-cats	licensing-tandberg-eeme	cr-switching	gce-unity	us-spvideo-atst-atl	gce-webex-bgl	bud-wan	amer-nms	euro-bel-wan	man-nms	us-uca-ipccent-esc	as-us-htts-att	apt-ent-training	euro-access-escalation	ind-vpn	krk-ipcc	euro-san-escalation	us-dc-sv-sj	rtp-ibm	htts-apt-video	mex-hardware	slc-switching	euro-mobility	euro-sns-escalation	euro-partner	as-us-htts-ns	lightstream	rtp-sptac-rm	eeme-ggn-hardware	apac-smart- collector	gce-apac-ids	apt-aci-solutions	entitlement-us	hc_bocc	htts-euem-sa	ses-emea-security	texas instruments	apj-kl-gcc	rtp-itech	hou-access	esc-us-01	euro-oss-cvg	sj-lmo-oss	euro-orm	us-snm-ee-cics	htts-india-ucc	sj-webex	eu-wireless-bgl	nmtg-corvil	cr-cucm	ind-wireless	as-emea-uk-sp2	esc-us-27	us-dc-sv-ucsdoa	gcc-jax	esc-us-25	apt-jp-ms	euro-nms-escalation	ong-fe	gce-apt-voice	ind-leads	ds-elob	cr-start-wireless	us-webex-rzc1	euro-gcc	euro-ies-ent-uk	ies-emea-nordic	us-carrier-optical-esc	gce-uc-trng	hrt-escalation	licensing-blr-apac	sj-ses-us-sppt-west	netsys	cr-stac	htts-india-wireless	as-us-lansw	htts-us-dcsw	as-us-matrix	cr-ucis	apj-syd-sr	amm-contentsecurity	pdi-helpdesk-hcs	us-uc-unity-spec-rtp	sj-ipcc	euro-gp	ds-vms	sj-customer-service	esc-jp-03	cand-dev	apt-isp	us-snm-escalation	slc-evt	gce-voice	rtp-campus-sw	as-emerging-rcis	japan-neusoftcatslt-os	latam-colombia	euro-config-admin	cr-man-nms	japan-ecase	slcty-vpn-soltns	ds-splob	htts-ww-video	japan-cskl1-os	esc-us-29	eu-radv-tech-bgl	apt-seoul-admin	apt-syd-sra	ind-switching	esc-ap-04	ww-q	licensing-blr-us	euro-oss-mgrs	gce-tp	atg-cnslt1	nccm-support-cstg	tk-sj-supportmodel	rtp-signaling	apt-oss-hst	japan-swat	euro-sv	eme-gce-cucm	rtp-dcsw	eme-gce-access	htts-india-lansw	eu-quantum-esc-app	euro-bt-voice	atg-third	gce-us-uc-trng	apt-ind-sec	japan-catls-dl	apt-jp-nsat	us-spvideo-dmn	bxb-vco	euro-san	hou-switching	japan-smallcell	szn- stac	japan-ofelt-os	sj-ash	as-cms	euro-tac services	sj-telepresence-cths	sj-access	apt-japan	us-spvideo-rbi	us-spvideo-client-atl	as-us-htts-eso	japan-getrolt-os	eu-switching-bgl	ies-emea-spain	cr-ev	cstg-astt-esc-support	us-uci-ms-solutions-tech-rtp	sj-rp	sj-oss-sdo1	us-uc-ms-solutions-tech-rtp	eeme-dng-spec	us-uc-unity-tech-rch	ind-cats	euro-voice	apt-man-admin	cin-ucs-th-support	sj-devsup program	cap	sjc-wanorch old	hrt-bxb-unity	us-uc-ipccent-tech-rch	houstm-vpn-solutions	us-uci-cucm-spec-rch	apt-jp-admin	euro-ent-tl	japan-htts-ntt_east	as-us-hte	ies-emea-uk-ptt1	apt-eft	canada-pixstream	apt-sp-ans	us-uci-ms-tech-rtp	apt-ind-lanwan	slcty-security	ses-us-ipt	sp-emeatac-bt	co-vpn	us-snm-webcat-sj	atg-cc	krk-trng	sj-vnt	htts-india-content	sj-oss-irv	krk-sf	ks-security	apt-physec-collab	ds-ces	eeme-vng-spec	sj-esc	ap-spvideo-aptac-sea	euro-oss-cse	hrt-bxb-cucm	gce-apt-security-training	esc-us-09	sj-cucm	euro-sp	euro-access	apt-core-admin	ind-trng-cats	us-uc-applications-tech-rtp	as-india-htts-lan	rtp-rp	man-ios	sr-euro-config	us-uc-cucm-spec-rtp	as-latam-hte	as-emea-nordic	apt-bel-lan	as-tidal	rtp-san	apt-syd-sp	as-voice-uki	gce-vpn	slcty-ms-solutions	us-uca-ipccexp-rch	apt-seoul	rtp-evt1	spsg-us-sprint	ind-iot	spsg-sj-rm	as-support-sp	atg-rch-cc	us-uc-ipccexp-tech-rtp	as-india-htts-nms	us-uci-cucm2-spec-rch	licensing-blr	us-uc-ipccexp-spec-bxb	emea-kn-transport	htts-us-video	na-mcs	sj-atm	us-core-switching-bgl	spsg-us-isp	atg-emea	june-14-test-wg-2	amm-psts	cr-start-switching	us-ems-femto-atl	japan-htts-westflets	sj-spvoice	euro-oss-hst	emear-iot	esp-rtp	japan-neusoftuc-os	ncr-conf-us	apt-solutions	apac-licensing	get-hsbc	sj-pq	hrt-rch-linksys1	cr-wsa	omc-asst-rc-rv	apt-bej-vip	as-htts-us-isponsite	apac-spvideo-prechasm	wnbu-cognio	euro-man-cdn	tk-rtp-lan-sw	eeme-dng-exp	ind-temp	apt-jp-sptac	us-uc-ipccent-spec-rch	us-uc-ms-spec-rtp	apt-wsa-syd	esc-eu-03	us-uc-ipccexp-esc	us-uc-unity-tech-rtp	sj-core-tech	japan-ucs-dl	us-security-vpn	cr-ms	sj-qwest dsl lab	gce-apt-core-training	rtp-ms	htts-us-isp-onsite	esc-eu-06	rtp-cucm	rtp-ent-leads	gce-lan-sw2	as-us-htts-ipwan	rtp-iox	apt-orm	smbsa-china	rtp-architecture	euro-ms-sw	service ops	us-uci-ucis-bxb	apt-man-lanwan	apt-jp-oss	slcty-ms	as-emea-defense	rtp-dsl	atg-second	euro-evt	hou-cats	eng-gsu-nta	slcty-architecture	rtp-fw	apt-jp-doa	bxb-spm-wanorch	eme-gce-ent-services	eu-tss	eme-gce-vpn	spts-emea-ptt1-spain	emea-asset-recovery	us-uc-bgl	us-prime	cr-vpn-soltns	sj-wea	apt-jp-wansw	ind-esa	as-us-voice services	us-dc-escalation	apt-pq	htts-us-att-cell	eme-gce-ms	sj-oss-rmt	as-sports-ent	esc-ap-03	eme-gce-voice-conf	ind-content	us-uc-ms-tech-rtp	japan-ironport	cr-access	sbsc-presales2	sjc-wanorch	gce-mp	license-swift-asa	mex-ms	ind-ucis	rtp-security-network	euro-wan	sj-ibm-network	entitlement-blr	sj-lab	euro-config-nms	euro-campus	as-htts-hsbc	ies-emea-benelux	ind-ncr-vpn	strm-us-field ops	rtp-ipcc	us-uc-cucm-esc	ses-emea-wiremob	cstg-astt-support	atg-webline	krk-uc	us-uca-ipccexp-esc	euro-logistics	amm-ev	htts-india-amazon-cell	htts-latam-core	apt-bgl-security	rtp-sp-voice	esc-eu-01	to be changed	bud-cats	mcmsjp	sj-vet	apt-bel-admin	gce-us-cucm	ses-emea-ipt	htts-us-amazon-cell	atg-de-pse	us-spvideo-cablemodems	apt-fts	htts-us-escalation	corporatel_ssc	vsbu-engineering	sj-rtp-cable	mex-switching	sj-mp	bud-hardware	as-cloud-onboarding	euro-core-voice	glob-solutions-video	as-med	as-us-wansw	cstg-cmcs-support	japan-pasonasmb-os	as-india-htts-cdn	sj-lt-sv	esc-us-02	entitlement-india	as-us-htts-seg1	gce-apt-voice_unity	euro-sns	sj-evt3	apt-syd-spsol	latam-tac-spmobility	apt-sp-rm	rtp-ibm network	as-india-htts-mobility	apt-jp-borg	sj-rtp-security	sj-aons	euro-voice-conf	ind-rp	spsg-sj-nms	sj-it	krk-security	esc-jp-04	japan-lsc	japan-pasonasv-os	apt-security/vpn	atg-upgrd	spsg-us-wansw	esc-us-03	glo-dv	sj-wan	us-tp-tech-rtp2	us-uc-ms-esc	slcty-tw	us-uc-ipccexp-spec-rch	cstg-emear-support	atg-trng-geotl	euro-config-security	cr-avvid	sj-exciteathome	apt-ms-sw	mex-aaa	htts-india-voice	us-core-cats-bgl	gce-us-sec-trng	euro-wireless-escalation	atg-bxb-ipccx	gcc-slc	japan-ies-ent	apt-sp-onsite	ind-avvid	mex-nms	us-uc-ms-spec-rch	rtp-wireless	as-us-rnt	co-wireless	sj-ibm-host	htts-belgium-core	htts-irl-amazon-cell	amm-sra	japan-optic	us-dc-sv-rtp	euro-oss-ce	apt-bej-nalrp	japan-evt-os	euro-ibm	gce-ios	us-spm-qps	us-spmobile-cloud	apt-beijing-atg	us-uca-ipccent-bxb	amer-iot-east	eu-spvideo-fieldopsuk-kor	captaris	sj-oss-hst	eme-gce-voice	licensing-blr-eeme	as-hsbc-ncm	us-spvideo-cable	smbsa-japan	htts-australia	spsg-us-qwest	rtp-evt	euro-oss-th	apt-jp-ltd	as-us-att-frame	gce-us-rp	ong-richardson	as-us-nightshift	eu-spvideo-powervu-kor	esc-us-10	ind-sign	co-sf	us-webex-rtp	euro-wsa	gce-rp	japan-nexus	mex-rp	mex-cats	as-india-htts-uc	us-uci-ms-esc	japan-pasonacats-os	htts-india-cell	us-uc-ipccexp-tech-rch	amm-apac-sv	us-uc-ms-solutions-spec-rtp	eu-quantum-esc-radio	apt-syd-dc	us-tp-mex	rtp-oss-sdo2	apt-oss-ce	hou-wan	esp-emea	us-webex-rzc	ses-us-cn	eeme-security-gce-tech	cosentry-sv	fts-us-htts-india-outtasker	us-uc-applications-spec-rtp	apt-man-cdn	us-uc-ms-tech-rch	eng-ptc-mt	us-cts	japan-jtpvsec-os	japan-sp	apt-bej-hardware-eng	japan-ngn-west	us-uci-cucm2-tech-rch	us-smart-services	slcty-tl	rtp-rtp-coop	rtp-gcc	sj-oss-sdo2	us-bns-spm-bxb	ies-emea-france	sj-san	please specify	ind-vpn-sol3	amer-cdn	eu-wsa-muc	us-uci-ms-spec-rtp	ies-emea-uk-mobcab	as-us-htts-sv	jax-leads	vsbu-test	nam_rma_om_nbd	rtp-wea	tam-switching	glo-cdp	licensing-apac-collaboration	us-spvideo-cfet-atl	latam-tac-acquisition	apt-epic	japan-ngn-core	us-uci-cucm-esc	mex-gl	us-uca-escalation	us-dc-sv-rch	spsg-us-core	apt-network-services	us-snm-aaa-rch	euro-sp-escalation	us-ucc-hte	eeme-ggn-apac	cr-ipcc	as-us-htts-ipcbb	spsg-denver-rm	licensing-tandberg-apac	japan-getrovsec-os	apt-atg	rtp-lan-sw1	japan-wanbb	sj-dcsw	sj-broadband	rtp-access	apt-shn-ms	amer-security-vpn	gce-apac-sv	latam-tac-core	japan-nsatcats-os	us-core-wireless2-rch	apt-bel-atg	ind-wsa	sj-ids	us-stadiumvision	ind-ncr-wan	sb-cloudws	apt-security	amer-cats	esc-eu-05	latam-htts-hw	krk-core	us-uca-ipccexp-bxb	hrt-rch-cucm	sj-uvt	sj-ibm	wty-switching	latam-tac-brazil	latam-tac-sec-voice	mex-access	us-core-wireless-bgl	as-ucc-ces	eeme-vng-exp	spsg-us-sbc/verizon	esc-jp-02	gce-rp-esc	japan-pfucats-os	slc-jax-ios-rp-wan	mex-lansw-west	apt-ssc-om	gce-lan-esc	japan-nms-os	us-inlet	euro-avvid-ipt	cosentry-mcs	apt-bej-solutions	rtp-evt2	us-uca-unity-esc	htts-india-advanced	sj-orm	sp-emeatac-rm	eme-rz-gce-tech	us-uca-physec-sj	ind-wan	sj-invicta	phx-csr	ind-hcl-hdw	strm-us-product supt	apj-japan-doa	houstm-security	as-india-htts-sv	us-nms	euro-cfs-dispute	euro-config-core	htts-us-vzw-mobility-cell	ind-network-services	co-hardware	atg-cnslt3	us-spvideo-videoscape-atl	gv-tac	ca-manager	us-uca-ipccexp-sj	eeme-ang-spec	cs-doa	htts-us-wireless	spsg-us-verizon is	euro-bel-lan	atg-cnslt2	rtp-gp	cstg-us-enterprise	us-snm-esa-rtp	us-sp-infra-tl	cis	richardson-ms	ind-security	as-us-htts-mobility	apt-bgl-wireless	slc-jax-evt	esc-us-17	strm-uk-product supt	amm-voice	us-snm-cog-cics	ww-crs/iosxr	cr-network-services	apt-gso	euro-incountry	sj-unity	japan-eftsupport	slc-vpn-soltns	as-apt-fts	sj-rtp-access	sj-vpn	apt-core-edge	apj-japan-gcc	smart-collector-global	ww-lc-cte	gv-stac3	sj-architecture	cand-saplat	sj-us	slc-htts	bud-russian	bo-hardware	sj-telepresence	euro-dsl-mpls-soltns	ind-aaa	sj-lt2	us-uc-applications-tech-rch	us-snm-wsa-sj	cr-aaa	htts-us-lansw	eeme-ang-exp	us-uca-ipccent-rtp	htts-euem-lan	us-spmobility-femto	rtp-vpn	spsg-rtp-wansw	as-physec	us-spmobility-diglife	unassigned	rtp-host	ap-spvideo-aptac-china	eng-pndig-bac-ettx	japan-pfult-os	licensing-man-emee	eme-gce-fw	unknown	cstg-us-service-provider	bud-ms	euro-ent-services	rtp-vco	atg-apt	htts-krakow-core	apt-cts	ong-milan	ong-dallas	sj-sandiego-iport	apt-lsc	sj-nms	apt-chd-tech	us-uci-ms-tech-rch	sj-lan-sw	us-uca-unity-sj	apt-core	euro-man-lanwan	atg-nam-cicm	sj-signaling	hou-ast	japan-spvoice	rtp-ses	sj-oss-ce	ind-asvt	gce-cucm	jax-mgrs-trainers	mex-security	cacoll-dev	entitlement-emea	as-emea-nrn	eng-insmbu-isc	atg-euro-tac	us-uci-ms-spec-rch	rtp-hcs	slcty-avvid	esc-us-11	in-spvideo-prechasm	rtp-sj-rp	em-istanbul	us-uca-conf-bxb	as-collaboration-ces	us-secintel	che-stac	ses-us-bb	csbu-esc	japan-fa	us-uc-applications-spec-rch	amer-nso	licensing-eeme-collaboration	rtp-latam-pss	euro-nms	aut-servicegrid	apt-bej-tech	latam-mexico	ap-spvideo-aptac-korea	esc-us-22	euro-security	emea-content	cr-rp	apt-iox	rtp-sas	spts-emea-ptt1-franc	as-diglife-ops	euro-esc	atg-rch-webline	sj-lan-sw1	gce-eu-uc-trng	us-webex-rzc2	eng-cbsbu-direct	licensing-cr-apac	rtp-ids	apt_awa_vise	us-uca-conf-esc	franklin-security	eu-spvideo-fieldopsfr-kor	us-uci-ms2-tech-rch	japan-neusofthwsmb-os	us-spvideo-platform-atl	it	cstg-escalation-team	us-uc-ipccexp-spec-rtp	htts-ww-amazon	eu-spvideo-modem-kor	ks-switching	euro-mw	as-canada	as-pulse	japan-gcc (hw/doa)	cin-eeme-tur	esc-us-19	japan-tss	cstg-admin	emear-orch-aci	apt-avvid	japan-vpn	eng-ptc-vs	sj-airespace	htts-india-cable-cell	ps-cemf/sdk	apt-esa-syd	cstg-get	rtp-aaa	esc-us-28	japan-flets-lsc	eu-tp-tech-osl	rtp-cats	japan-getrowan-os	euro-rp	irv-stac	gce-apac-aaa	smb-us	gv-stac5	gce-us-core-trng	us-uc-ipccent-spec-bxb	slc-acs-ld	amm-security	cand-access	us-uc-cucm-tech-rch	ind-hcl-aon	gce-lan-sw1	ind-sv	extend-mce	us-uca-ipccent-sj	us-uca-physec-bxb	houstm-switching	co-architecture	eeme-vng-tech	rtp-sp-leads	japan-mitg	sj-vmon	japan-foundation	eeme-ang-tech	eu-quantum-ops	hou-rp	japan-wireless	bu-snm-securent-acq	apt-bel-ms	amm-dng	eng-insmbu-bac-gui	eme-gce-tp	gv-stac	sj-edge-us-leads	eu-smallcell-escalation	esc-us-30	us-uci-cucm-tech-bxb	rtp-vnt	cns-hte-germany	slc-ast	htts-india-mobility	htts-us-att	us-cdn	sj-evt1	apt-awa-vise	us-tss	sj-cats	apac-smallcell	bud-avvid	sj-storage	ncr-tp-ap	co-admin	us-conf-sj	license-ctg-uc-migration	slcty-rp	mex-sec-west	apt-man-nms	japan-wireless-os	htts-us-hsbc-cell	japan-gcc	us-tp-rtp2	us-spvideo-chnbu-atl	gce-wireless	gv-stac2	bwi-hte-germany	sj-cigesm	htts-euem-rp	co-esa	mex-wireless-west	us-core-switching-bgl-ww	htts-us-cable-cell	sj-service ops	htts-us-rp	tam-admin	us-spvideo-isdp-ncc	as-cansac	euro-strm	japan-ofecats-os	gcc-india	japan-htts-ent	cr-security	latam-chile	ong-wavelengthrouter	apt-aons	sj-cloudws	apt-man-security	cse-3gwan-latam	htts-us-mobility	us-primehome	slc-logistics	us-webex-bang	atg-first	slcty-asvt	rtp-invicta	ong-escalation	smbsa-americas	japan-mpls	us-smartbondingb2b-sjc	mex-voice-west	apt-foundation	cstg-npa-l4	us-uc-ipccent-spec-rtp	rtp-oss-mgrs	cr-unity	apt-china-entitlement	atg-cnslt5	ses-emea-cont-st	emea-rma-om-cvg	latam-tac-dc	latam-brazil	apac-spmobile-cloud	japan-cin-1	esc-us-26	cacoll-sa	cr-nms	richardson-evt	man-lanwan	htts-us-voice	apac-nso	slc-cd/iptv	eu-esa-muc	mex-wan	esc-us-14	atg-rch-ipccx	japan-manufacturing	apt-jp-wanrp	slcty-mgrs-trainers	us-uca-ipcc-rtp	mex-architecture-west	sj-voice-leads	as-india-htts-att	apt-oss-mgrs	us-snm-ae-stbu	ind-ncr-rp	bxb-wanorch	gce-us-vpn	japan-liaison	ros-routing	tam-access	spsg-sj-wansw-nms	us-uca-unity-rch	cse-aic	htts-us-arch	gce-core1-trng	japan-gcc-escalation	slc-tfl	euro-wanorch	rtp-wan-sw	as-iberia-specso	euro-spnms	ind-tw	houstm-avvid	japan-cdn	us-snm-ids-rch	us-uci-cucm-tech-rtp	sj-wireless	as-emea-bt21c	tam-wireless	eu-spvideo-servicemgmt-kor	spts-emea-nsp2-uk2	euro-iox	us-conf-bxb	ww-quantum-esc-apps	slc-leads	apt-ong	apt-syd-csol	gv-stac4	htts-ww-twc-cell	spsg-sj-ops	ww-quantum-esc-radio	apac-mw	japan-ms	us-uca-conf-sj	us-uc-cucm-tech-bxb	euro-config	euro-atm-optical	phx-email	us-can-xr	rtp-security	htts-euem-voice	gce-sec-esc	apt-bel-oss	us-tp-tech-rtp1	apt-sv	euro-wireless	ses-emea-broadband	atg-trng-webline	apt-bgl-lan	ind-spm-qps	ong-customer-service	so-stac	sales	apt-ent-ans	us-uci-cucm-spec-bxb	apt-sp	sj-evt2	smb-leads	ap-spvideo-aptac-hk	rtp-cns	japan-lt	us-carrier-wimax-rch	sj-arroyo	us-uci-cucm2-rch	cr-hardware	apt-wireless	licensing-tandberg-us	apt-voice-solutions	euro-man-net-svcs	ind-trng-wireless	apt-ms-mssw-cable	us-esa-rtp	esc-us-12	japan-getrocats-os	em-moscow	sme-apps	nmtg-micromuse	cr-start-access	apt-bej-hardware	euro-networkscaling	esc-eu-02	hrt-rch-optical	us-spvideo-surf-atl	rtp-lan-sw2	htts-india-hw	euro-spm-qps	us-uci-ucis-rch	us-smart-collector	japan-vsec	sustaining-dev-eng	japan-dcn-hw	us-uc-cucm-tech-rtp	cr-wea	cr-start-security	emea-rma-om-plan	spts-emea-spsg-backb	japan-pasonawansw-os	ies-emea-rm	sj-wansw	akron-wireless	other(application)	us-tp-rch	htts-us-hw	gce-wan	ap-spvideo-aptac-india	us-uc-cucm-spec-bxb	apt-shn-avvid	us-isbu-box	euro-optical	sj-ps-cemf/sdk	esc-us-08	ind-cucm	euro-nsa	sj-lt1	as-iberia-sp south	eme-gce-physec	us-smartservices-iamscir-ind	esc-us-18	ind-architecture	apt-syd-collab	nmtg-opnet	testclose	us-core-cats-bgl-ww	administration	apt-pss	japan-ies-sp	spsg-us-sbc/deploy	cr-dcsw	getronics logistics	htts-us-securtiy	ind-ncr-tss	apt-wsa	as-india-htts-rp	japan-dcn	htts-us-iox	us-snm-vpn-rch	esc-us-16	gce-apac-fw	other(non-ca)	apt-ind-iosrpwir	htts-india-sv	sj-ext	apt-man-start	smoke-test_1w	esc-ap-02	licensing-man-us	sj-aaa	tsa-us-optical	eme-gce-sns	gce-lan-sw3	esc-stac	rtp-lmo-oss	rtp-ote	as-avm	licensing-cr-us	as-gsp-custom	apt-ent-team-leads	smb-ipvc-radvision	ses-emea-nms-oss	eme-gce-nms	us-aci-sol-east	esc-jp-05	apt-jp-esc	sj-gcc	licensing-man-eeme	latam-hte-optical	esc-us-24	krk-rp	sao-stac	us-spvideo-isdp-atl	smoke-test-1w	eeme-uc-gce-tech	cstg-latam-canada	ww-lc	atg-cnslt4	ind-sf	rtp-ucsbu	spsg-us-nms	cin-eeme	bud-vpn	june-14-test-wg	apt-china-esa	hou-nms	apt-bgl-rp	ind-trng-lan	sj-rtp-dsl	as-emea-north	rtp-lan-sw	atg-esc	euro-avvid-soltns	gce-voice-unity	euro-config-lan	amm-nms	rtp-cable	as-latam-south	htts-india-iox	om-japan	gce-security	as-us-nms/sec/cn	htts-india-rp	rtp-gtap	us-dc-sol-rtp	us-uci-ms-solutions-spec-rtp	japan-wireless-dl	ses-emea-wireless	cin-eeme-uksc	gce-us-ios	japan-cats	co-compatiblelegacy	ong-south-carolina	us-uci-cucm-spec-rtp	ies-emea-uk-nsp2	hrt-rch-unity	gce-nms	na-hardware-mex	as-us-htts-sec	rtp-wan	sj-iox	cin-smart	sj-ct1	apt-bej-ipcc	tgv-engineer	mex-rp1	emea-aons	atl-scicare	eeme-ggn-rp	as-us-htts-cdn	lsc-japan	mex-voice	sj-content	sj-tis	iea-tcs	krk-lan-sw	us-carrier-content-esc	japan-ngn-east	esp-leads	ind-physec	ks-cats	apt-beijing	us-tp-rtp1	global-ciac	as-us-htts-hsbc	brazil-core	cstg-cmcs-support-l4	as-india-htts-iox	krk-firewall	euro-bel-security	eu-spvideo-fieldopsbe-kor	as-htts-us-hw	us-spvideo-isds	slcty-switching	gce-uc-esc	japan-htts-kddi	apt-vpn-sp-nms	euro-bel-avvid	japan-avvid	slcty-leads	atg-icr	htts-mexico-hsbc-cell	us-uca-unity-bxb	htts-us-comcast-cell	us-uci-ucis-rtp	sj-fw	mex-vpn-solutions	atg-rch-pg	apt-campus	sj-security	euro-dcn-nosr	rtp-can-videotron	as-us-htts-wireless	emea-rma-om-esc	japan-bb	euro-bel-ios	us-uc-unity-esc	houstm-admin	coleast-sf	apt-lab	euro-oss	eme-gce-campus	amm-lan	euro-atm	apt-triage	emea-backlog	tam-network-services	cstg-emear	apt-esa-china	sj-oss	hou-config	ma-lt	chelmsford-ms	cyberlink-isdn svc	rtp-escalation	development engineer	sj-lt	us-spvideo	japan-ngn-admin	rtp-amteva	slcty-mgrs	latam-sspt-sap-hana	eu-quantum-backbone	ies-emea-nsa	sj-evt-rotation	cr-architecture	htts-us-vzw-cell	as-mexico	slc-as/cs	us-dc-sv-field	atg-maint	apt-sp-admin	healthpresence-bu-ops	sj-oss-other	gce-smart-services	ind-aironet	ind-trng-rp	japan-nsatlt-os	eng-insmbu-wamps	licensing-man-apac	htts-india-hsbc-cell	esp-sj	apt-jp-nsa	euro-lt	euro-ipcc	lsc	eeme-aaa-gce-tech	eeme-ggn-security	us-tp-tech-rtp4	spts-emea-ptt1-swede	glob-esc-tp	ind-unity	tgv-qa engineer	japan-pasonavsec-os	esc-ap-05	latam-core	htts-cr-hw	htts-us-sv	rcdn-ms	euro-config-language	tam-avvid	cacc-dv	japan-optic-os	htts-russia-core	licensing-gsd	as-spvideo-vos	apac-wanorch	euro-content	apj-cantonese-gcc	us-spmobility-sspt-spwifi	ind-access	cstg-rtp-support	us-spvideo-telcoops-atl	jpn-rma-om-esc	ind-ncr-cats	ind-ncr-lan	htts-us-cloud-cell	htts-irl-cloud-cell	euro-lt/atm	euro-voice-escalation	sj-ote	ind-dv	as-us-htts-hte	eme-gce-ucis	mex-sec	tam-atg	htts-us-security	eme-gce-security	gce-cloudws	ind-mgrs-trainers	apac-prechasm	us-uca-ipccexp-rtp	sj-evt	emear-nso	ind-wanorch	japan-pasonaevt-os	apac-ggn-hardware	euro-cats	esc-us-21	us-mp-physec-escalation	ind-ncr-nms	rms-spwifi	gce-sv	ind-webex-bang	hou-avvid	ind-ipcc	tam-architecture	amm-core	latam-tac-aquisition	as-emea-uk-m&c	htts-us-sp-cell	euro-spmobile-cloud	cstg-as-support-partner-rtp	gce-us-lan-sw	cyberwerx	japan-ibm	apt-partner-support	htts-us-ucc	gce-apac-vpn	apt-tp-tech-bgl	atg-pse	apj-china-eng-gcc	hou-unity	ind-ms-solutions	apt-sp-voice-solutions	sbsc-presales	us-sap-trng	apt-dc-solutions	apt-vpn	apj-china-gcc	us-esa-sj	japan-sv	us-uc-cucm-spec-rch	bxb-content	us-wsa-rtp	as-ai-fts	slc-architecture	ies-emea-italy	as-us-htts-cap	ww-topspin	sj-akron-wireless	mex-ios-hw	euro-cemf	apt-dcn	rtp-storage	euro-vnt	apt-bbwan	eeme-ggn-core	euro-esa	gce-us-ms	cr-admin	slc-net-svcs	mex-tp	us-core-escalation	euro-ms	apt-esa	ind-vpn-soltns	slc-routing	sj-sp-ans mssbu	as-us-sprint	euro-tacweb	as-emea-ti	apt-syd-dcsol	htts-india-security	cr-wireless	apt-ans-sea	emea-rma-by-lsc	amer-lan-sw	hrt-bxb-evt	us-uc-unity-spec-rch	gln-global lnoc	us-snm-enc-sj	as-us-htts-comcast	apt-man-ios	as-us-rp-ls arch	latam-ans	houstm-wan	rtp-ses-us-sppt-east	apt-multiservice	tam-nms	latam-tac	latam-spsg	ind-ms	apt-ms	us-uci-ms-tech-bxb	us-quantum-ops	ww-pnoc-l3	gce-radv-ap	us-uca-unity-rtp	apt-uc-leads	rtp-oss-rmt	apt-spm-qps	spsg-us-rm	hou-ms	as-india-htts-ucc	apt-bel-ios	euro-lan-sw	spsg-us-ops	cacc-cs	euro-entitlement	japan-jtphwsmb-os	esc-us-06	cstg-apac	atg ts-unity	us-uc-tp-esc	esc-ap-01	us-spvideo-transport-atl	sj-gp	euro-bel-ms	apt-syd-core	bud-turkish	eme-gce-aaa	houstm-core	as-us-sm-arch	esp-apt	cstg-as-support-partner-sj	japan-nms	japan-rp	pnj-ds	japan-htts	bud-admin	atg-geotel	apt-man-hardware	japan-contentsecurity-dl	euro-config-wan	us-security-bgl	japan-htts-flets	gce-us-aaa	apt-ind-vpn	ncr-tp-us	eeme-ggn-voice	us-ucsb-temp	man-security	bxb-aons	us-uci-ms2-spec-rch	jp-spvideo-aptac-jp	cin-eeme-belfast	as-spwifi-ops	hou-core	krk-aaa	eft-uone	mex-admin	us-carrier-wea-esc	atg-cti	japan-crs-iosxr	euro-fw-ids	htts-india-core	eu-tp-osl	eu-spvideo-localops-esp	eng-rcbu-mngd-svcs	htts-us-cdn	houstm-rp	cr-atg	amm-wireless	cr-sv	cms-bankamerica	apt-beijing-sln	mex-wireless	amm-sv	spsg-dallas-rm	colapt-sf	as-emea-uk-sp1	apt-man-lan	ind-dcsw	esc-la-05	tacweb	japan-lt-hw	eu-security-bgl	us-uca-physec-esc	euro-optical-soltns	hrt-bxb-content	ww-oem	us-spvideo-scicaretools-atl	ind-ncr-security	co-rp	us-snm-esa-sj	eu-spvideo-solution	us_prime	as-us-htts-ipcc	apt-beijing-bn	apt-access/rp	euro-fte	euro-signaling	ong-petaluma	ind-ncr-aon	htts-latam-sec	sj-sp-vpn	eme-russian	cstg_tool_services	apt-bel-avvid	apt-mpls-rp-acc-opt	rtp-cs	apt-wg/dt	gce-ms	euro-ent-tng	smbsa-emea	japan-icsg	htts-us-nms	hou-atg	eeme-dng-tech	ses-emea-core	rtp-ms-sw	slc-jax-ind-vpn-sltn	us-wsa-sj	apt-man-wan	euro-man-security	mex-cucm	as-ai-hte	apj-japan-lsc	gce-us-wireless	esc-la-03	us-tp-rtp3	ind-apac-sv	embu-smarts	apt-beijing-rp	rtp-cloudws	esc-us-07	us-core-rp-bgl	esc-us-13	euro-security-networ	euro-oss-rmt	sj-lan-sw2	apt-config	esc-us-23	eng-car-ice	japan-nsatwan-os	apj-syd-entitle	na-hardware	bud-polish	slcty-aironet	euro-voicesig-soltns	japan-os-nsat	us-spvideo-svision	gce-apac-nms	ds-clob	us-core-wireless-rch	htts-india-video	bud-sra	as-us-rm	co-switching	as-us-htts-nms	mex-core	rtp-vco-field	krk-vpn	eu-spvideo-powerkey-kor	us-cin-nr	as-us-htts-rnt	ses-emea-spvoice	htts-gcc	us-snm-wsa-rtp	us-spvideo-nds	rtp-unity	euro-config-access	rtp-ms-solutions	gce-sec-trng	cacc-asp	bxb-ms	ww-pnoc	brazil-voice	bud-switching	entitlement-jax	cin-eeme-rus-cis	licensing-us-collaboration	as-india-sdp	jax-switching	sp-acton-cdn	hou-network-services	slc-aironet	houstm-access	ds-japan	htts-latam-voice	sj-solutions
tss_workgroups_d.wkg_mgr_first_name	matt	marcello	boguslaw	cai xia	janice	mohammad	christopher m	jesse	moe	irving	atul	brian	bruce	ali	alberto	kilder	nagaraja	samah	nairi	dino	nick	constantin	bobby	muhammad sarosh	chiman	anthony	vaibhav	zaiheng	darryl	radhika	greg	yanick	rachana	hemant	shih-en	takehisa	abhinav	emile	alfred	kathryn	durwood gene	geetanjali	vaughn	preston	sriraman	jonathan	hozefa	veronica	frank	nikhil	leonardo	ishana	giampaolo	ho yee david	dorothy	jeffrey	phil	beth	alexander	sacidhar	hendra	eduardo	masanori	suresh	derek	tom	mitsuhiro	sachiko	christophe	nancy	mollye	maen	ashutosh	ahmad	jingxiang	subhash	nirav	fox	yogesh	naoko	john p	karynsa	glenn	michele	qiu shi	lombardo	surjit h	ulf	frederic	justin	patrick	stella maris	imran	martin	naveen	zbigniew	nate	ivan gerardo	allan	krishnendu	munish	gustavo	matthew	issam	dipesh	shane	shiao-loong	ling	sunil	laureano	somraj	kirandeep	marco	sebastien alberto	genio	luc	seemab	tsukasa	stephen	holly	makoto	evelyn	gulshan	sebastian	saadat	tsuyoshi	irene	vinutha	nicholas	shanuj	muzafar	yasuhiro	percival rey	alejandro	haruka	ashwin	randolph	said	gavin	jose luis	nitin	shogo	anupam	nicolas	kimberly j	anshul	xu	sae	umang	asif	lei	theresa volney	woody	manuel	eric a	shannon	jean	priyanka	johel	amir	manuel heriberto	arlene	dragan	jeff	eliana	rodney	shankar	daniel	bard	jose	kurtis	guy	sean	andras	jitendriya	davinder	tomasz	lieve	joseph	keshav	dinkar	darrian paul	alan	ashish	marisa	thierry	kathy	hiroshi	arnaldo	tomoyuki	james d	aparna	william	nadege	akifumi	rene	divakar	nafee karen	gilbert	joost	steven	michel	wallace	slobodan	syed	laurent	rupam	aasheesh	josue	sergio	klaas	makarand	diane	bo	ernesto andres	badrinath	seth	alexandre	dharmesh	devrim yener	charles	toyomi	eunice estela	mauricio	david j	haseeb	denby	venkataramana	kent	jai	vincent	kazuo	duane	clay	jinsong	mansoor	murray	kimberly	jessy	hady	michael	chris	kenji	reginald	laszlo	wlodzimierz	kyoko	cassandra	genya	sanyam	thuan ninh	nadi	vinod	shon	srinivasan	jim	tiffany	hiroaki	hui	amitashwa	amarnath	srikanth	alec	thi	mayte	colby	nobuharu	raghavender	ruwani o	aurelia	stephanie	christos	giorgio	yoshifumi	nishant	teresa	jose mario	ankit	adam	todd	toshio	andrea	jackie	sachin kumar	sohaila	rik	paridhi	robert jonathan	dipu	feng	steve	randall	didier	philippe	robert	darlene ann	marta	lisa	oscar daniel	trevor	stacey	zeeshan	feher	sarah	wasan	ajmal	rahul	nathan	jason	travis	michelle	vidhi	yasushi	yukikazu	rakesh	aby	shaun	laura	dale	jana	emil	sanjit	sara	kelli	stijn	gregory	meiyan	yuji	sharif	scott	james	john	miguel	gerard	pawel	jacqueline	marjorie	dereck	nadim	edward	johan	bijoy	saurabh	karim	hiromi	jemma	kathleen	takeshi	erin	roya	tripathi	rajinder	yohann	kai yiu	manil	allyn ross	assad	faiz	bharat	juan	sameer	kenneth	jami	gary	evan	tony	katherine elizabeth	jochen	marc	rebecca	ahmed	michael l	emilio	george	dominik	jin ho john	rajbinder	tyrone	gautam	jorge	ming	amit	hanh yen	peter	emel	kaiqiang	desmond	anthony ribeiro	melvin	atheeth	manmeet	koichi	abdullah	stuart	anand	alton	lajos	eric	samuel	william m	sarosh muhammad	pushkar	patricia	wendy	kevin	raed murad	uwe	jerry	tyler	keith	sridhar	raymond	luz	nergal	anubhav	megha	ralph	donald	mario	dustin	brad	takashi	pablo gabriel	amol	rajesh	hemanth	patrik	seiya	gabriela daniela	vivek	jyothi	janardhana	leslie albert	geraldine	may	ravindra	laith	mohammed	himadri	poojan	jitendra	eiichi	anoop	shobit	jobby	jennifer	tsutomu	sanjay	mrinal	jessica	jan	hakjin	humberto	kris	akio	akram	bradley	forrest	bill	mohit	luiza	jayant	linda	kavita	randy	hang	rajeev	suhail	vishal	kamal	gagan	rajender	rafael	keigo	brendon	christopher	anup	oliver	mahesh	wesley	dan	pamela	prasad	ronney	russell	mariell	miles	mark	richard	floyd	renante	artem	tong	alexei	mike	atakan	satoshi	tetsuya	gordon	alex	elizabeth	pramod	puneet	mirjam	isaac	venkatesh	ullie	jay	ben	victor andres	hari	sakiko	sharon	barbara	ivor	douglas	lance	davide	hanns	linton	theresa	ronald	jae hwa samuel	thomas	jai ram singh	timothy	ian	murat	harry	masaki	mildred	candia	paramjit	sergio andres	theodore	arturo	marion	gaurav	vignesh	hege	jayana	jaana	masahiro	joe	jaime	c. wesley	truong	vaikundan	koree	sriram	marcelo	jacque	alison	robert scott	sumit	toshihiro	yasemin	roberto eduardo	kym	erik	rohit	cintya	asa	ferat	derek p	krishna	andrew	david	paul	sidhesh
tss_workgroups_d.wkg_mgr_last_name	shabandri	alava	twomey	kikuchi	krishnamurthy	al-siksik	ohno	khan	dwivedi	dimri	mitomi	claytor	sweetman	dietsch	choudhury	ko	paredes monterrey	uemura	ali	zirker	benson	o'shea	lucero	macaulay	chitale	hakim	masuda	johar	michlik	tennander	pires	oishi	gopalakrishnan	houston	anthony	flannagan	al majali	lopez suarez	cui	matsumoto	brenes	vos	petyniak	ronco	kajanmaa	woolley	goyer	san	munoz	al hassan	fernandes	anderson	cabrera	vishnoi	biswas	nilson	devenport	sauro	abellan	temple	mcdowell	colisnicenco	raynor	modi	malik	maekawa	winder	tanner	mudgal	ferralez	strain	trost	alvarez	gao	candeger	balan	sankar	lugo	vanderpooten	jung	delbonis	grimee	ignatenko	simon	mackay	kwon	linehan	crowns	ashutosh	raheja	adamian	gujral	kurita	mashargah	thompson	duong	suzuki	holloman	yu	shepard	depaolantonio	mcfadzen	stanford	bishop	louis	gomez galindo	medway	owen	alvarez del castillo	saito	tai	samdyan	walker	hathaway	pauletti	garcia ortiz	schrader	krzyzewski	yamada	wrench	myers	bunney	martin	shelley	verbinnen	mizrachi sr.	lukan	tripoli	pulecio hoyos	shimizu	hutchings	wells	kimura	flores alvarez	hinkle	bardenheier	salameh	lehner	mongardien	lee ii	dexter	yang	suri	masis	seals	kopp	kinra	teasley	ruckheim	mak	winchester	pomeroy	kurtz	bezbarua	gray	yoshizawa	mckay	hashimi	hasan	gondou	wolfenden	sumi	wingert	hills	cooper	agarwal	saxena	delaet	perez coto	oldford	dodd	vasquez correa	earhart	kamothi	shea	ooghe	potipireddi	bender	hofmann	decooman	ting	robblee	westall	sharma	fernandez de los santos	nong	ueda	nagao	berge	franc	shah	ripper	smoak	sahai	troxell	rohatgi	nandoria	desvignes	singh	ball	bhatt	okamura	morgan	falcone	frye	hattar	dehe neto	muldowney	nygren	hatamleh	valkai	hurst	le	masumi	jose	islas	yasuda	trillos bejarano	gawai	holzel	andras	pack	devos	hinrichs	pimentel	corell	hamdan	siddiqui	confait	macias	lueders	mannering	echeverry acuna	mohamed omer	veibell	al talhouni	bhatia	verstyn	zhang	shirai	dry	abdali	collinson	lozano	wahie	lindke	giordanella	burais	huerta	kirby	takacs	al arab	moghe	michel	bailey	logue	soto	jamaspi	kanasker	liang	jensen	de la fuente tovar	mohd	mcadams	duarte	uppal	westphal	jobson	howard	bai	wauters	daughtry	ballowe	biersbach	ha	michaels	carey	boerema	lambrechts	leonis	molicki	castillo	katara	mikytuck	suga	naseem	mitra	cuevas	boake-walters	ramirez	mires	abelar	pillutla	colens	aungst	ailawadi	akar	subramanian	mccabe	tamura	stern	k	sallie	kumbakonam	lovato	tazeau	portoni	hoshi	tamer	padavala	reed	stevens	shigematsu	porter	pesek	bakley	wilkinson	burhani	stephenson	rohira	darbhamulla	kovacevic	wang	verma	burton	quesada	fenderson	mitchell	torrenegra cano	elder	lam	born	andersson	miura	vu	thanthry	tewari	aponte	poori	arnold	harrell	steiner	hamarneh	endean	furuya	gonzalez elizalde	centofanti	barrantes	vermoere	mckeon	natarajan	athavale	adhipurnomo	toomey	wren	luo	conti	kipping	mursalim	o'sullivan	tse	ahuja	smith	horner	goodwin	bookman	saini	nues	walia	harper	nambakkam	zuniga	zheng	niazi	bonack	bunet	medley	hamill	hirano	hopkins	aagaard-nilsen	csomor	macdonell	boven	tsukimori	rehklau	mehra	alhaqash	laurie	buchanan	fujii	piotrowski	nadela	yasin	ram	koppula	jonasson	neditch	murphy	phelps	thiriot	novaro	walk	usui	palit	scott	zhao	pendse	hoerauf	ohki	mirza	phillips	keen	jin	modak	teksoy	moreman	jones	joshi	fady	calaway	ahern	chatwin	kasahara	foster	marriott	brady	dawar	thekkekandam	thankappan	tonti	potemans	bhargava	ortiz	wood	zuniga zuniga	saraswat	snead	hernandez	martinez	tripathi	herubin	brown	pues	chomiak	baltodano rios	girotra	gensar	fraser	farrell	mangal	matsuyama	ferguson	kayajanian	frantz	hamadeh	stanislaus	maximow	wiggin	hutterer	gethen	habib	gaspard	chua	v	george	sebastian miguel	suh	khera	pankiw	hammon	dattoma	sheth	van steenwinkel	parker	rawat	quiroz	taylor	moss	hensley	caginia	gorodezky	sharpe	edwards	arai	bedoya	claes	badger	maskell	jimenez romero	regan jr.	miya	mccarty	mccloud	wazir	dasgupta	banks	khanna	down-logan	judice	choudhary	camara	kruik	versavel	blackburn jr.	anand	stone	moylan	martens	hull	boros	shetty	pacifico	roy	bhando	frazer	stankowicz	pintilii	matroni	lyness	bland	kerr	cosgrove	barker	van de meent	zaric	imai	bayley	srivastava	sarkissian	nicolae	page	jain	menon	moreland	mccarthy	gilligan	borghi	brenes conde	mullan	venancio	laiza	shaw	rao	de clerck	huebner	dhaenens	ramos	chopra	wass	sethi	kakihara	oxman	angell	may	o'donnell	palacio	johnson	cateriano	sherief	chebrolu	stewart	soares	das	williams	kolokouris	jimenez vizcaino	bhumra	simpson	kokkadan	stallings	lewis	carlson	houck	durham	dath iii	nakahara	morris	chowdhary	van de bogert	catlin	xia	klardie	ashtekar	strong	pratt	buckmaster	ryan	mann	bao	kucuk	zavattieri	khurram	ranchan	khoshnood	yagi	kenmochi	liu	miller	cohen	kamal	kandi	calvo	sunez	rimington	neubert	fuss	black	tuck	fritzsche	moro	sandford	park	rajmalani	cubino gonzalez	aelbrecht	dominguez	lawrence	van elmpt	lal	oliver	browning	caburian	crothers	ahluwalia	chaturvedi	challa	fitzgerald	sambhoos	armstrong	pathania	demello	hogan	amting	krishnappa	caldwell	kelly	berryhill	goffin	shakthy	robles-fernandez	terwey	tuba	griffin	tupe	fukunaga	davis	paino	yazejian	essa	nguyen	low	sheng	sharon	nowak	kinoshita	tezak	pearson	biggers	sishtla	milchin	scippa	phansalkar	fischer	katlaria	hermosillo diaz	kirk	gutierrez quellec	dharmarajan	pye	horn	binning	jobin	waerniers	benhabeje	weber	mclean	al shami	garcia	fitch	didomenico	owa	herman	busuttil	divekar	marin rios	chaves	mischi	razack	ahrens	inkley	cromity	rodriguez azofeifa	badran	youssef	chilcote	yoshida	kim	beach	wei	anantharaman	duseja	srigiri	gonzalez	amemiya	bharatiya	garcia vargas	jasti	faroni	nishat	prazak	nakafunaki	mujumdar	oliveri	sargent mario	blake	jaiswal	narula	david	philip
tss_workgroups_d.wkg_mgr_email	wmoss@cisco.com	jsaraswa@cisco.com	johlewis@cisco.com	ahamadeh@cisco.com	syasuda@cisco.com	asaander@cisco.com	nyagi@cisco.com	amitomi@cisco.com	asishtla@cisco.com	salhaqas@cisco.com	spmann@cisco.com	anttse@cisco.com	rboven@cisco.com	mcatlin@cisco.com	sushaw@cisco.com	ngoffin@cisco.com	rpalit@cisco.com	snataraj@cisco.com	psahai@cisco.com	ttanner@cisco.com	yanisaur@cisco.com	mjobson@cisco.com	ddhaenen@cisco.com	zaliu@cisco.com	chrimyer@cisco.com	enygren@cisco.com	mribiswa@cisco.com	tvolney@cisco.com	antuba@cisco.com	cpintili@cisco.com	skhurram@cisco.com	crohira@cisco.com	spye@cisco.com	sacdwive@cisco.com	stewartj@cisco.com	mmohamed@cisco.com	lburais@cisco.com	mmilchin@cisco.com	ooghel@cisco.com	hzuniga@cisco.com	sgomezga@cisco.com	bmenon@cisco.com	cdexter@cisco.com	mishana@cisco.com	knakafun@cisco.com	dinoe@cisco.com	huiwan@cisco.com	dbakley@cisco.com	dhjamnad@cisco.com	rpathani@cisco.com	taamemiy@cisco.com	sdharmar@cisco.com	deric@cisco.com	dmunoz@cisco.com	mamashar@cisco.com	nohanian@cisco.com	antsoare@cisco.com	dwiggin@cisco.com	jacbao@cisco.com	majensen@cisco.com	haagaard@cisco.com	ejdath@cisco.com	tskikuch@cisco.com	fdietsch@cisco.com	hakkim@cisco.com	alehermo@cisco.com	rakmenon@cisco.com	eduferna@cisco.com	rzunigaz@cisco.com	amolash@cisco.com	sabharat@cisco.com	hburhani@cisco.com	gilligan@cisco.com	ndattoma@cisco.com	tedt@cisco.com	scpage@cisco.com	dalbende@cisco.com	sgrimee@cisco.com	tongeorg@cisco.com	kathport@cisco.com	dconfait@cisco.com	lpimente@cisco.com	ggorodez@cisco.com	amdiveka@cisco.com	jemunoz@cisco.com	plukan@cisco.com	sankhann@cisco.com	isortiz@cisco.com	eteksoy@cisco.com	twingert@cisco.com	fehamdan@cisco.com	yujhoshi@cisco.com	thha@cisco.com	jaimgarc@cisco.com	momangal@cisco.com	jathaval@cisco.com	cclaytor@cisco.com	hsalameh@cisco.com	damiller@cisco.com	gnadela@cisco.com	jeffmi@cisco.com	shherman@cisco.com	bdry@cisco.com	vinbalan@cisco.com	bhamill@cisco.com	rmodi@cisco.com	jgensar@cisco.com	wfrye@cisco.com	aalhassa@cisco.com	lanblack@cisco.com	bibenson@cisco.com	donsmith@cisco.com	gkandi@cisco.com	maujimen@cisco.com	sveibell@cisco.com	robetayl@cisco.com	tahirano@cisco.com	vmujumda@cisco.com	snambakk@cisco.com	malava@cisco.com	davball@cisco.com	jtamer@cisco.com	dfritzsc@cisco.com	gaursaxe@cisco.com	schills@cisco.com	packe@cisco.com	hirohno@cisco.com	boga@cisco.com	nishrawa@cisco.com	rdaughtr@cisco.com	jempark@cisco.com	dipudas@cisco.com	joseluia@cisco.com	bhoerauf@cisco.com	wbeach@cisco.com	sayoshid@cisco.com	dodd@cisco.com	jobjose@cisco.com	keshimiz@cisco.com	albrenes@cisco.com	cgethen@cisco.com	ltuck@cisco.com	subhsank@cisco.com	sshaband@cisco.com	mstallin@cisco.com	rasuri@cisco.com	bpetynia@cisco.com	yujsuzuk@cisco.com	aliali@cisco.com	csweetma@cisco.com	marisgon@cisco.com	jbarrant@cisco.com	judicesh@cisco.com	imanneri@cisco.com	ansmehra@cisco.com	dmoylan@cisco.com	bfady@cisco.com	somroy@cisco.com	mhammon@cisco.com	pchebrol@cisco.com	mubhatia@cisco.com	aailawad@cisco.com	mchitale@cisco.com	jinsliu@cisco.com	idesvign@cisco.com	utennand@cisco.com	alparker@cisco.com	tmorelan@cisco.com	asrohatg@cisco.com	mimitche@cisco.com	abbharga@cisco.com	rleonis@cisco.com	jelam@cisco.com	abadger@cisco.com	bhuebner@cisco.com	aalshami@cisco.com	achalla@cisco.com	luzmacia@cisco.com	zsiddiqu@cisco.com	mamccabe@cisco.com	dpues@cisco.com	danirod2@cisco.com	nshelley@cisco.com	michaer@cisco.com	skovacev@cisco.com	autakacs@cisco.com	agiordan@cisco.com	jafitzge@cisco.com	dastern@cisco.com	ykasahar@cisco.com	wlouis@cisco.com	sduseja@cisco.com	seekhan@cisco.com	asharma4@cisco.com	dhutchin@cisco.com	dfernand@cisco.com	awahie@cisco.com	jaykelly@cisco.com	gebland@cisco.com	gkinra@cisco.com	munbhati@cisco.com	tkurita@cisco.com	astripat@cisco.com	kdownlog@cisco.com	joshuert@cisco.com	ballowe@cisco.com	xuzhang2@cisco.com	pneubert@cisco.com	pbunet@cisco.com	uversave@cisco.com	sehopkin@cisco.com	rmckay@cisco.com	gsaini@cisco.com	ddomingu@cisco.com	sumchopr@cisco.com	osislas@cisco.com	kentwell@cisco.com	sneditch@cisco.com	tonowak@cisco.com	myoussef@cisco.com	rbezbaru@cisco.com	shkirby@cisco.com	jhsuh@cisco.com	mpaino@cisco.com	qiuliu@cisco.com	elchaves@cisco.com	gblake@cisco.com	juslewis@cisco.com	mnishat@cisco.com	rfrazer@cisco.com	dzaric@cisco.com	milcoope@cisco.com	roosulli@cisco.com	jhofmann@cisco.com	johyu2@cisco.com	aby@cisco.com	ematsumo@cisco.com	mmackay@cisco.com	jyk@cisco.com	rbhumra@cisco.com	mkenmoch@cisco.com	cjtaylor@cisco.com	jkajanma@cisco.com	rhatamle@cisco.com	gtonti@cisco.com	jdepaola@cisco.com	moghe@cisco.com	sandford@cisco.com	ajhasan@cisco.com	johnd@cisco.com	wstanfor@cisco.com	pwlodzim@cisco.com	imrazack@cisco.com	psarkiss@cisco.com	lmc@cisco.com	asrigiri@cisco.com	bnilson@cisco.com	zessa@cisco.com	schomiak@cisco.com	twoolley@cisco.com	aignaten@cisco.com	pchilcot@cisco.com	gnarula@cisco.com	sanjitr@cisco.com	rapillut@cisco.com	asan@cisco.com	badrik@cisco.com	epoteman@cisco.com	crobles@cisco.com	llambrec@cisco.com	klyness@cisco.com	sgondou@cisco.com	akamal@cisco.com	moremac@cisco.com	brucek@cisco.com	jyazejia@cisco.com	edm@cisco.com	scrowns@cisco.com	verstyj@cisco.com	noshirai@cisco.com	cpomeroy@cisco.com	mcubinog@cisco.com	gustagon@cisco.com	lfloresa@cisco.com	hwestpha@cisco.com	dlow@cisco.com	anram@cisco.com	fandras@cisco.com	tfenders@cisco.com	kjamaspi@cisco.com	kop@cisco.com	ibarker@cisco.com	scander2@cisco.com	vhathawa@cisco.com	itupe@cisco.com	typearso@cisco.com	hyoshiza@cisco.com	raycast@cisco.com	amcdonel@cisco.com	destrong@cisco.com	lrehklau@cisco.com	sewren@cisco.com	tueda@cisco.com	parsethi@cisco.com	ashwishe@cisco.com	hayamada@cisco.com	magujral@cisco.com	gabelar@cisco.com	bphillip@cisco.com	dboakewa@cisco.com	nhabib@cisco.com	pbhando@cisco.com	linharpe@cisco.com	thiv@cisco.com	sasmith@cisco.com	etorrene@cisco.com	marai@cisco.com	vaiv@cisco.com	sohki@cisco.com	ricmarti@cisco.com	ihattar@cisco.com	chrisk@cisco.com	hfrantz@cisco.com	mconti@cisco.com	stoomey@cisco.com	mimcclou@cisco.com	nsheth@cisco.com	fischet@cisco.com	mgriffin@cisco.com	gmischi@cisco.com	truonngu@cisco.com	jmuldown@cisco.com	cnong@cisco.com	pdevos@cisco.com	patricry@cisco.com	jabhatt@cisco.com	jxia@cisco.com	jmstone@cisco.com	dtrost@cisco.com	efraser@cisco.com	davhogan@cisco.com	htewari@cisco.com	gmacaula@cisco.com	jkolokou@cisco.com	dbuchana@cisco.com	waltalho@cisco.com	vaisriva@cisco.com	jtezak@cisco.com	jvandebo@cisco.com	chphilli@cisco.com	jajohnso@cisco.com	jtwomey@cisco.com	yojohnso@cisco.com	adehenet@cisco.com	elopezsu@cisco.com	bharats@cisco.com	pcaburia@cisco.com	margiew@cisco.com	jpadaval@cisco.com	dowood@cisco.com	plaurie@cisco.com	dathomp3@cisco.com	tashutos@cisco.com	kwauters@cisco.com	muniazi@cisco.com	jkokkada@cisco.com	mbedoya@cisco.com	venkrao@cisco.com	khoshns@cisco.com	davinsin@cisco.com	pmichel@cisco.com	dobailey@cisco.com	vfitzger@cisco.com	rmay@cisco.com	jmcadams@cisco.com	srirasub@cisco.com	ankkhann@cisco.com	asallie@cisco.com	husui@cisco.com	evoldfor@cisco.com	baberge@cisco.com	ydimri@cisco.com	goliveri@cisco.com	robdavi@cisco.com	mbrady@cisco.com	mcosgrov@cisco.com	kathferg@cisco.com	stvander@cisco.com	hanhha@cisco.com	jaroyu@cisco.com	blmedley@cisco.com	nkatlari@cisco.com	muppal@cisco.com	hverma@cisco.com	mscippa@cisco.com	tmasumi@cisco.com	mamello@cisco.com	rpendse@cisco.com	rajesha@cisco.com	zstankow@cisco.com	pboros@cisco.com	swass@cisco.com	robbm@cisco.com	kraynor@cisco.com	ymaekawa@cisco.com	lasimon@cisco.com	kdasgupt@cisco.com	rjobin@cisco.com	vinura@cisco.com	keikimur@cisco.com	mokirk@cisco.com	almedway@cisco.com	srajmala@cisco.com	yoishi@cisco.com	miseals@cisco.com	lalmajal@cisco.com	lcamara@cisco.com	hichoudh@cisco.com	mstrain@cisco.com	jcateria@cisco.com	sccaldwe@cisco.com	anhouck@cisco.com	akoppula@cisco.com	kyang@cisco.com	gmudgal@cisco.com	atwalia@cisco.com	apontea@cisco.com	dabrown4@cisco.com	misargen@cisco.com	swrench@cisco.com	joseca@cisco.com	bamoro@cisco.com	nkamothi@cisco.com	stevegra@cisco.com	averbinn@cisco.com	alaiza@cisco.com	yujisuz@cisco.com	tbuckmas@cisco.com	vermoet@cisco.com	tkinoshi@cisco.com	charmstr@cisco.com	rlovato@cisco.com	ripratt@cisco.com	joelder@cisco.com	scolawre@cisco.com	pcentofa@cisco.com	gmdavis@cisco.com	cmongard@cisco.com	ccrother@cisco.com	rwazir@cisco.com	brhousto@cisco.com	thobanks@cisco.com	febai@cisco.com	dendean@cisco.com	markmor2@cisco.com	dercolli@cisco.com	minkley@cisco.com	crobblee@cisco.com	tkakihar@cisco.com	jilal@cisco.com	twinder@cisco.com	tomdavi@cisco.com	jwalk@cisco.com	psheng@cisco.com	rvalkai@cisco.com	danielan@cisco.com	jbiersba@cisco.com	rberryhi@cisco.com	mjin2@cisco.com	bthekkek@cisco.com	emchua@cisco.com	kmires@cisco.com	bradsmit@cisco.com	lparedes@cisco.com	jmasis@cisco.com	vivasque@cisco.com	swestall@cisco.com	howarda@cisco.com	mcarey@cisco.com	poxman@cisco.com	ajasti@cisco.com	goodwir@cisco.com	fakhan@cisco.com	evnguyen@cisco.com	aaraheja@cisco.com	myasin@cisco.com	kmichlik@cisco.com	joshea@cisco.com	dpacific@cisco.com	lcsomor@cisco.com	tharrell@cisco.com	manjimen@cisco.com	jdelaet@cisco.com	vishajos@cisco.com	dosoto@cisco.com	pferrale@cisco.com	kamanand@cisco.com	vmarriot@cisco.com	rkopp@cisco.com	rbusutti@cisco.com	tfitch@cisco.com	sauchowd@cisco.com	mholloma@cisco.com	ericarn@cisco.com	spoori@cisco.com	jmckeon@cisco.com	jahensle@cisco.com	tshigema@cisco.com	jbunney@cisco.com	wvenanci@cisco.com	sechever@cisco.com	hemjoshi@cisco.com	pamalvar@cisco.com	suahluwa@cisco.com	ppotipir@cisco.com	bfranc@cisco.com	sakwon@cisco.com	marioliv@cisco.com	shakthm@cisco.com	hinrichs@cisco.com	adawar@cisco.com	amaximow@cisco.com	pasteine@cisco.com	danburto@cisco.com	rdevenpo@cisco.com	rchatwin@cisco.com	masuga@cisco.com	gcaginia@cisco.com	jtroxell@cisco.com	ahrensd@cisco.com	abadran@cisco.com	jcromity@cisco.com	waernis@cisco.com	asumi@cisco.com	pmolicki@cisco.com	bbjr@cisco.com	rchoudha@cisco.com	yfukunag@cisco.com	mdawar@cisco.com	jsamdyan@cisco.com	kvandeme@cisco.com	dtrillos@cisco.com	afaroni@cisco.com	mholzel@cisco.com	tmartens@cisco.com	rochopra@cisco.com	rebbrown@cisco.com	gedelafu@cisco.com	ggilbert@cisco.com	tamatsuy@cisco.com	meghshar@cisco.com	suvishno@cisco.com	ipulecio@cisco.com	dumartin@cisco.com	ppesek@cisco.com	ibanks@cisco.com	gtemple@cisco.com	kpires@cisco.com	shashimi@cisco.com	lagonzal@cisco.com	jpankiw@cisco.com	lincui@cisco.com	nmasa@cisco.com	shsteven@cisco.com	fohinkle@cisco.com	dbrownin@cisco.com	tingm@cisco.com	fcarlson@cisco.com	mflannag@cisco.com	ngoyer@cisco.com	dahern@cisco.com	pwolfend@cisco.com	jruckhei@cisco.com	alexhern@cisco.com	kbenhabe@cisco.com	dprazak@cisco.com	mmiya@cisco.com	martara@cisco.com	vkruik@cisco.com	jendurha@cisco.com	garytayl@cisco.com	modonnel@cisco.com	mlinehan@cisco.com	pmodak@cisco.com	smiura@cisco.com	iagarwal@cisco.com	amhakim@cisco.com	pthiriot@cisco.com	aareed@cisco.com	blindke@cisco.com	kenk@cisco.com	rbinning@cisco.com	roncor@cisco.com	bbohdano@cisco.com	raquiroz@cisco.com	shsherie@cisco.com	gejose@cisco.com	nhamarne@cisco.com	rgarciao@cisco.com	skumbako@cisco.com	miimai@cisco.com	jcorell@cisco.com	javos@cisco.com	arturamo@cisco.com	dkurtz@cisco.com	uhuttere@cisco.com	mportoni@cisco.com	mmizrach@cisco.com	thomasp@cisco.com	jowen@cisco.com	samting@cisco.com	josega2@cisco.com	amaskell@cisco.com	nabellan@cisco.com	amsharon@cisco.com	miluo@cisco.com	sangell@cisco.com	fvanstee@cisco.com	coduong@cisco.com	daterwey@cisco.com	yakar@cisco.com	uchopra@cisco.com	rmurphy@cisco.com	obardenh@cisco.com	rteasley@cisco.com	chmclean@cisco.com	repalaci@cisco.com	kesharpe@cisco.com	tsnagao@cisco.com	bregan@cisco.com	natejone@cisco.com	nphansal@cisco.com	dpaulett@cisco.com	ktamura@cisco.com	sbrenesc@cisco.com	mmasuda@cisco.com	cclaes@cisco.com	dfuss@cisco.com	skhera@cisco.com	mcalaway@cisco.com	rnues@cisco.com	dkatara@cisco.com	aaungst@cisco.com	gsnead@cisco.com	rhamdan@cisco.com	hadhipur@cisco.com	atsukimo@cisco.com	cbcohen@cisco.com	skanaske@cisco.com	rstanisl@cisco.com	vgawai@cisco.com	tfuruya@cisco.com	anquesad@cisco.com	gwalia@cisco.com	sranchan@cisco.com	klueders@cisco.com	abaltoda@cisco.com	ludavid@cisco.com	baelbrec@cisco.com	mmarinri@cisco.com	ctripoli@cisco.com	andhorn@cisco.com	mvanelmp@cisco.com	lfarrell@cisco.com	tmcdowel@cisco.com	cnovaro@cisco.com	sarzheng@cisco.com	nthanthr@cisco.com	stlugo@cisco.com	sbonack@cisco.com	kesharma@cisco.com	jonwalke@cisco.com	foxwang@cisco.com	rhorner@cisco.com	dcolens@cisco.com	chrimor2@cisco.com	surjaisw@cisco.com	suemura@cisco.com	dthankap@cisco.com	pzavatti@cisco.com	sebishop@cisco.com	pomitra@cisco.com	pattstep@cisco.com	rachatur@cisco.com	tonwang@cisco.com	venkakr2@cisco.com	rripper@cisco.com	harrdavi@cisco.com	alliu@cisco.com	stgutier@cisco.com	salsiksi@cisco.com	meliang@cisco.com	kyfujii@cisco.com	mscott@cisco.com	jherubin@cisco.com	alcolisn@cisco.com	dewei@cisco.com	wehull@cisco.com	smalik@cisco.com	srdarbha@cisco.com	asmirza@cisco.com	mikeen@cisco.com	mlucero@cisco.com	rsimpson@cisco.com	bdecooma@cisco.com	rimingj@cisco.com	dkucuk@cisco.com	sjonasso@cisco.com	joduarte@cisco.com	mgaspard@cisco.com	mancabre@cisco.com	jdeclerc@cisco.com	nokamura@cisco.com	tosaito@cisco.com	mcfadzen@cisco.com	hanle@cisco.com	jshepard@cisco.com	murrayb@cisco.com	psambhoo@cisco.com	klehner@cisco.com	mariram2@cisco.com	davtai@cisco.com	joscalvo@cisco.com	rdidomen@cisco.com	rhurst@cisco.com	mlozano@cisco.com	jzirker@cisco.com	kikerr@cisco.com	jamak@cisco.com	krao@cisco.com	kirsingh@cisco.com	slogue@cisco.com	mbhargav@cisco.com	msunez@cisco.com	viggopal@cisco.com	masebast@cisco.com	sujain@cisco.com	tboerema@cisco.com	sharmohd@cisco.com	glmartin@cisco.com	awinches@cisco.com	rsmoak@cisco.com	gmatroni@cisco.com	braolive@cisco.com	habdali@cisco.com	rbiggers@cisco.com	gjoshi@cisco.com	bmullan@cisco.com	wilee@cisco.com	visrivas@cisco.com	kphelps@cisco.com	jkipp@cisco.com	jfalcone@cisco.com	anchris@cisco.com	lezhao@cisco.com	mcandege@cisco.com	amitahu@cisco.com	jale@cisco.com	deborn@cisco.com	efoster@cisco.com	samjung@cisco.com	agirotra@cisco.com	gborghi@cisco.com	acuevas@cisco.com	sanaseem@cisco.com	mschrade@cisco.com	nweber@cisco.com	teowa@cisco.com	mamckay@cisco.com	ajohar@cisco.com	kelmurph@cisco.com	aalarab@cisco.com	jperezco@cisco.com	kbayley@cisco.com
tss_workgroups_d.sub_region_name	cr manila	smb	mexico	miltonkeynes	canada	euro belrose	china	slc-jax-g	slc-jax	miltonkeynes-g	euro manila	all-globe	wsu-tac	jordan	costa rica	russia	manila	korea	belrose	sydney	not applicable	belrose-gp	slc-ind	nmtg	budapest	all-japan	latam	india	us	all-apt	bupapest	japan-ies	belfast	houston	ucbu	all-emea	not available	india-euro	error	north amer
tss_workgroups_d.theater_name	emea	apac	jpn	not available	global	error	not applicable	nam	sam
tss_workgroups_d.delivery_channel_type	error	not applicable	outsourcer	not available	direct
tss_workgroups_d.outsourcer_name	gem	sykes	sutherland	gps	awa limited	ciic	getronics	convergys	stream	ofe	hitachi kokusai electric	next	not applicable	sangikyo	gcc	cosentry	tcs	infosys	ncr	neusoft	e4e	jtp	pfu	oem	netinfo	hcl	nsat	concentrix	eccom	aricent	pasonatech	wsu	estarta	entitlement	radvision	datacom	blue ocean	not available	csk	corporatel	sonata	error	flextronics	comsys
tss_workgroups_d.service_line_name	ros	not available	as	error	not applicable	other	ts
tss_workgroups_d.service_type	general	cap	nos	ses	misc	s-tac	fts	pss	solutions	ies-combined	ps	deveng	gps	optical	ros-basic	commercial	ts-htts	esupport	sp-vtac	htts	partnersup	voice	not applicable	software licensing	gcc	hardware	combined	sp-ies	cust service	devsup	core	ent-ies	apps	esc	ironport	extendmedia	entitlement	edge	not available	esc-scheduling	error	htts-rm
tss_workgroups_d.active_flag	y	n
